2026-08-25 06:13:53 [INFO] Logging to /kaggle/working/amazon2023/logs/prepare_amazon_2023_20260825_061353.log
2026-08-25 06:13:54 [INFO] [reviews] All_Beauty: starting download from https://mcauleylab.ucsd.edu/public_datasets/data/amazon_2023/raw/review_categories/All_Beauty.jsonl.gz
2026-08-25 06:13:59 [INFO] [reviews] All_Beauty: 200,000 rows so far (42,307 rows/s)
2026-08-25 06:14:03 [INFO] [reviews] All_Beauty: 400,000 rows so far (44,278 rows/s)
2026-08-25 06:14:07 [INFO] [reviews] All_Beauty: 600,000 rows so far (45,636 rows/s)
2026-08-25 06:14:09 [INFO] [reviews] All_Beauty: wrote 701,528 rows in 15.2s -> /kaggle/working/amazon2023/reviews_by_category/All_Beauty.parquet
2026-08-25 06:14:09 [INFO] [meta] All_Beauty: starting download from https://mcauleylab.ucsd.edu/public_datasets/data/amazon_2023/raw/meta_categories/meta_All_Beauty.jsonl.gz
2026-08-25 06:14:18 [INFO] [meta] All_Beauty: wrote 112,590 rows in 8.9s -> /kaggle/working/amazon2023/meta_by_category/All_Beauty.parquet
2026-08-25 06:14:18 [INFO] Current output size: 31.34 MB
2026-08-25 06:14:18 [INFO] [reviews] Amazon_Fashion: starting download from https://mcauleylab.ucsd.edu/public_datasets/data/amazon_2023/raw/review_categories/Amazon_Fashion.jsonl.gz
2026-08-25 06:14:22 [INFO] [reviews] Amazon_Fashion: 200,000 rows so far (45,849 rows/s)
2026-08-25 06:14:26 [INFO] [reviews] Amazon_Fashion: 400,000 rows so far (48,044 rows/s)
2026-08-25 06:14:30 [INFO] [reviews] Amazon_Fashion: 600,000 rows so far (48,742 rows/s)
2026-08-25 06:14:34 [INFO] [reviews] Amazon_Fashion: 800,000 rows so far (49,476 rows/s)
2026-08-25 06:14:38 [INFO] [reviews] Amazon_Fashion: 1,000,000 rows so far (49,675 rows/s)
2026-08-25 06:14:42 [INFO] [reviews] Amazon_Fashion: 1,200,000 rows so far (49,881 rows/s)
2026-08-25 06:14:46 [INFO] [reviews] Amazon_Fashion: 1,400,000 rows so far (49,883 rows/s)
2026-08-25 06:14:50 [INFO] [reviews] Amazon_Fashion: 1,600,000 rows so far (49,827 rows/s)
2026-08-25 06:14:54 [INFO] [reviews] Amazon_Fashion: 1,800,000 rows so far (49,893 rows/s)
2026-08-25 06:14:58 [INFO] [reviews] Amazon_Fashion: 2,000,000 rows so far (49,821 rows/s)
2026-08-25 06:15:02 [INFO] [reviews] Amazon_Fashion: 2,200,000 rows so far (49,759 rows/s)
2026-08-25 06:15:06 [INFO] [reviews] Amazon_Fashion: 2,400,000 rows so far (49,641 rows/s)
2026-08-25 06:15:08 [INFO] [reviews] Amazon_Fashion: wrote 2,500,939 rows in 50.4s -> /kaggle/working/amazon2023/reviews_by_category/Amazon_Fashion.parquet
2026-08-25 06:15:08 [INFO] [meta] Amazon_Fashion: starting download from https://mcauleylab.ucsd.edu/public_datasets/data/amazon_2023/raw/meta_categories/meta_Amazon_Fashion.jsonl.gz
2026-08-25 06:15:23 [INFO] [meta] Amazon_Fashion: 200,000 rows so far (14,163 rows/s)
2026-08-25 06:15:36 [INFO] [meta] Amazon_Fashion: 400,000 rows so far (14,328 rows/s)
2026-08-25 06:15:50 [INFO] [meta] Amazon_Fashion: 600,000 rows so far (14,358 rows/s)
2026-08-25 06:16:04 [INFO] [meta] Amazon_Fashion: 800,000 rows so far (14,509 rows/s)
2026-08-25 06:16:05 [INFO] [meta] Amazon_Fashion: wrote 826,108 rows in 56.9s -> /kaggle/working/amazon2023/meta_by_category/Amazon_Fashion.parquet
2026-08-25 06:16:05 [INFO] Current output size: 158.83 MB
2026-08-25 06:16:05 [INFO] [reviews] Appliances: starting download from https://mcauleylab.ucsd.edu/public_datasets/data/amazon_2023/raw/review_categories/Appliances.jsonl.gz
2026-08-25 06:16:10 [INFO] [reviews] Appliances: 200,000 rows so far (45,067 rows/s)
2026-08-25 06:16:14 [INFO] [reviews] Appliances: 400,000 rows so far (46,963 rows/s)
2026-08-25 06:16:18 [INFO] [reviews] Appliances: 600,000 rows so far (47,742 rows/s)
2026-08-25 06:16:22 [INFO] [reviews] Appliances: 800,000 rows so far (48,166 rows/s)
2026-08-25 06:16:26 [INFO] [reviews] Appliances: 1,000,000 rows so far (48,451 rows/s)
2026-08-25 06:16:30 [INFO] [reviews] Appliances: 1,200,000 rows so far (48,562 rows/s)
2026-08-25 06:16:34 [INFO] [reviews] Appliances: 1,400,000 rows so far (48,731 rows/s)
2026-08-25 06:16:38 [INFO] [reviews] Appliances: 1,600,000 rows so far (48,725 rows/s)
2026-08-25 06:16:42 [INFO] [reviews] Appliances: 1,800,000 rows so far (48,826 rows/s)
2026-08-25 06:16:46 [INFO] [reviews] Appliances: 2,000,000 rows so far (49,075 rows/s)
2026-08-25 06:16:49 [INFO] [reviews] Appliances: wrote 2,128,605 rows in 43.3s -> /kaggle/working/amazon2023/reviews_by_category/Appliances.parquet
2026-08-25 06:16:49 [INFO] [meta] Appliances: starting download from https://mcauleylab.ucsd.edu/public_datasets/data/amazon_2023/raw/meta_categories/meta_Appliances.jsonl.gz
2026-08-25 06:16:59 [INFO] [meta] Appliances: wrote 94,327 rows in 10.8s -> /kaggle/working/amazon2023/meta_by_category/Appliances.parquet
2026-08-25 06:16:59 [INFO] Current output size: 230.57 MB
2026-08-25 06:16:59 [INFO] [reviews] Arts_Crafts_and_Sewing: starting download from https://mcauleylab.ucsd.edu/public_datasets/data/amazon_2023/raw/review_categories/Arts_Crafts_and_Sewing.jsonl.gz
2026-08-25 06:17:04 [INFO] [reviews] Arts_Crafts_and_Sewing: 200,000 rows so far (42,908 rows/s)
2026-08-25 06:17:08 [INFO] [reviews] Arts_Crafts_and_Sewing: 400,000 rows so far (46,510 rows/s)
2026-08-25 06:17:12 [INFO] [reviews] Arts_Crafts_and_Sewing: 600,000 rows so far (47,799 rows/s)
2026-08-25 06:17:16 [INFO] [reviews] Arts_Crafts_and_Sewing: 800,000 rows so far (48,617 rows/s)
2026-08-25 06:17:20 [INFO] [reviews] Arts_Crafts_and_Sewing: 1,000,000 rows so far (49,080 rows/s)
2026-08-25 06:17:24 [INFO] [reviews] Arts_Crafts_and_Sewing: 1,200,000 rows so far (49,053 rows/s)
2026-08-25 06:17:28 [INFO] [reviews] Arts_Crafts_and_Sewing: 1,400,000 rows so far (48,814 rows/s)
2026-08-25 06:17:32 [INFO] [reviews] Arts_Crafts_and_Sewing: 1,600,000 rows so far (48,967 rows/s)
2026-08-25 06:17:36 [INFO] [reviews] Arts_Crafts_and_Sewing: 1,800,000 rows so far (48,759 rows/s)
2026-08-25 06:17:41 [INFO] [reviews] Arts_Crafts_and_Sewing: 2,000,000 rows so far (48,591 rows/s)
2026-08-25 06:17:45 [INFO] [reviews] Arts_Crafts_and_Sewing: 2,200,000 rows so far (48,723 rows/s)
2026-08-25 06:17:49 [INFO] [reviews] Arts_Crafts_and_Sewing: 2,400,000 rows so far (48,851 rows/s)
2026-08-25 06:17:52 [INFO] [reviews] Arts_Crafts_and_Sewing: 2,600,000 rows so far (49,050 rows/s)
2026-08-25 06:17:56 [INFO] [reviews] Arts_Crafts_and_Sewing: 2,800,000 rows so far (49,084 rows/s)
2026-08-25 06:18:01 [INFO] [reviews] Arts_Crafts_and_Sewing: 3,000,000 rows so far (49,062 rows/s)
2026-08-25 06:18:05 [INFO] [reviews] Arts_Crafts_and_Sewing: 3,200,000 rows so far (48,973 rows/s)
2026-08-25 06:18:09 [INFO] [reviews] Arts_Crafts_and_Sewing: 3,400,000 rows so far (48,976 rows/s)
2026-08-25 06:18:13 [INFO] [reviews] Arts_Crafts_and_Sewing: 3,600,000 rows so far (48,980 rows/s)
2026-08-25 06:18:17 [INFO] [reviews] Arts_Crafts_and_Sewing: 3,800,000 rows so far (48,991 rows/s)
2026-08-25 06:18:21 [INFO] [reviews] Arts_Crafts_and_Sewing: 4,000,000 rows so far (48,946 rows/s)
2026-08-25 06:18:25 [INFO] [reviews] Arts_Crafts_and_Sewing: 4,200,000 rows so far (48,997 rows/s)
2026-08-25 06:18:29 [INFO] [reviews] Arts_Crafts_and_Sewing: 4,400,000 rows so far (48,966 rows/s)
2026-08-25 06:18:33 [INFO] [reviews] Arts_Crafts_and_Sewing: 4,600,000 rows so far (49,026 rows/s)
2026-08-25 06:18:37 [INFO] [reviews] Arts_Crafts_and_Sewing: 4,800,000 rows so far (49,076 rows/s)
2026-08-25 06:18:41 [INFO] [reviews] Arts_Crafts_and_Sewing: 5,000,000 rows so far (49,042 rows/s)
2026-08-25 06:18:45 [INFO] [reviews] Arts_Crafts_and_Sewing: 5,200,000 rows so far (49,118 rows/s)
2026-08-25 06:18:49 [INFO] [reviews] Arts_Crafts_and_Sewing: 5,400,000 rows so far (49,182 rows/s)
2026-08-25 06:18:53 [INFO] [reviews] Arts_Crafts_and_Sewing: 5,600,000 rows so far (49,222 rows/s)
2026-08-25 06:18:57 [INFO] [reviews] Arts_Crafts_and_Sewing: 5,800,000 rows so far (49,258 rows/s)
2026-08-25 06:19:01 [INFO] [reviews] Arts_Crafts_and_Sewing: 6,000,000 rows so far (49,314 rows/s)
2026-08-25 06:19:05 [INFO] [reviews] Arts_Crafts_and_Sewing: 6,200,000 rows so far (49,359 rows/s)
2026-08-25 06:19:09 [INFO] [reviews] Arts_Crafts_and_Sewing: 6,400,000 rows so far (49,386 rows/s)
2026-08-25 06:19:13 [INFO] [reviews] Arts_Crafts_and_Sewing: 6,600,000 rows so far (49,423 rows/s)
2026-08-25 06:19:17 [INFO] [reviews] Arts_Crafts_and_Sewing: 6,800,000 rows so far (49,428 rows/s)
2026-08-25 06:19:21 [INFO] [reviews] Arts_Crafts_and_Sewing: 7,000,000 rows so far (49,428 rows/s)
2026-08-25 06:19:25 [INFO] [reviews] Arts_Crafts_and_Sewing: 7,200,000 rows so far (49,445 rows/s)
2026-08-25 06:19:29 [INFO] [reviews] Arts_Crafts_and_Sewing: 7,400,000 rows so far (49,440 rows/s)
2026-08-25 06:19:33 [INFO] [reviews] Arts_Crafts_and_Sewing: 7,600,000 rows so far (49,480 rows/s)
2026-08-25 06:19:37 [INFO] [reviews] Arts_Crafts_and_Sewing: 7,800,000 rows so far (49,492 rows/s)
2026-08-25 06:19:41 [INFO] [reviews] Arts_Crafts_and_Sewing: 8,000,000 rows so far (49,490 rows/s)
2026-08-25 06:19:45 [INFO] [reviews] Arts_Crafts_and_Sewing: 8,200,000 rows so far (49,483 rows/s)
2026-08-25 06:19:49 [INFO] [reviews] Arts_Crafts_and_Sewing: 8,400,000 rows so far (49,510 rows/s)
2026-08-25 06:19:53 [INFO] [reviews] Arts_Crafts_and_Sewing: 8,600,000 rows so far (49,533 rows/s)
2026-08-25 06:19:57 [INFO] [reviews] Arts_Crafts_and_Sewing: 8,800,000 rows so far (49,558 rows/s)
2026-08-25 06:20:00 [INFO] [reviews] Arts_Crafts_and_Sewing: wrote 8,966,758 rows in 180.9s -> /kaggle/working/amazon2023/reviews_by_category/Arts_Crafts_and_Sewing.parquet
2026-08-25 06:20:00 [INFO] [meta] Arts_Crafts_and_Sewing: starting download from https://mcauleylab.ucsd.edu/public_datasets/data/amazon_2023/raw/meta_categories/meta_Arts_Crafts_and_Sewing.jsonl.gz
2026-08-25 06:20:23 [INFO] [meta] Arts_Crafts_and_Sewing: 200,000 rows so far (8,958 rows/s)
2026-08-25 06:20:44 [INFO] [meta] Arts_Crafts_and_Sewing: 400,000 rows so far (9,145 rows/s)
2026-08-25 06:21:04 [INFO] [meta] Arts_Crafts_and_Sewing: 600,000 rows so far (9,366 rows/s)
2026-08-25 06:21:23 [INFO] [meta] Arts_Crafts_and_Sewing: 800,000 rows so far (9,652 rows/s)
2026-08-25 06:21:23 [INFO] [meta] Arts_Crafts_and_Sewing: wrote 801,446 rows in 83.0s -> /kaggle/working/amazon2023/meta_by_category/Arts_Crafts_and_Sewing.parquet
2026-08-25 06:21:23 [INFO] Current output size: 605.97 MB
2026-08-25 06:21:23 [INFO] [reviews] Automotive: starting download from https://mcauleylab.ucsd.edu/public_datasets/data/amazon_2023/raw/review_categories/Automotive.jsonl.gz
2026-08-25 06:21:28 [INFO] [reviews] Automotive: 200,000 rows so far (45,482 rows/s)
2026-08-25 06:21:32 [INFO] [reviews] Automotive: 400,000 rows so far (48,473 rows/s)
2026-08-25 06:21:36 [INFO] [reviews] Automotive: 600,000 rows so far (49,421 rows/s)
2026-08-25 06:21:39 [INFO] [reviews] Automotive: 800,000 rows so far (49,989 rows/s)
2026-08-25 06:21:43 [INFO] [reviews] Automotive: 1,000,000 rows so far (50,508 rows/s)
2026-08-25 06:21:47 [INFO] [reviews] Automotive: 1,200,000 rows so far (50,919 rows/s)
2026-08-25 06:21:51 [INFO] [reviews] Automotive: 1,400,000 rows so far (51,038 rows/s)
2026-08-25 06:21:55 [INFO] [reviews] Automotive: 1,600,000 rows so far (50,967 rows/s)
2026-08-25 06:21:59 [INFO] [reviews] Automotive: 1,800,000 rows so far (50,981 rows/s)
2026-08-25 06:22:03 [INFO] [reviews] Automotive: 2,000,000 rows so far (51,072 rows/s)
2026-08-25 06:22:06 [INFO] [reviews] Automotive: 2,200,000 rows so far (51,263 rows/s)
2026-08-25 06:22:10 [INFO] [reviews] Automotive: 2,400,000 rows so far (51,221 rows/s)
2026-08-25 06:22:14 [INFO] [reviews] Automotive: 2,600,000 rows so far (51,265 rows/s)
2026-08-25 06:22:18 [INFO] [reviews] Automotive: 2,800,000 rows so far (51,278 rows/s)
2026-08-25 06:22:22 [INFO] [reviews] Automotive: 3,000,000 rows so far (51,299 rows/s)
2026-08-25 06:22:26 [INFO] [reviews] Automotive: 3,200,000 rows so far (51,162 rows/s)
2026-08-25 06:22:30 [INFO] [reviews] Automotive: 3,400,000 rows so far (51,073 rows/s)
2026-08-25 06:22:34 [INFO] [reviews] Automotive: 3,600,000 rows so far (51,133 rows/s)
2026-08-25 06:22:38 [INFO] [reviews] Automotive: 3,800,000 rows so far (51,106 rows/s)
2026-08-25 06:22:42 [INFO] [reviews] Automotive: 4,000,000 rows so far (51,114 rows/s)
2026-08-25 06:22:45 [INFO] [reviews] Automotive: 4,200,000 rows so far (51,169 rows/s)
2026-08-25 06:22:49 [INFO] [reviews] Automotive: 4,400,000 rows so far (51,154 rows/s)
2026-08-25 06:22:53 [INFO] [reviews] Automotive: 4,600,000 rows so far (51,206 rows/s)
2026-08-25 06:22:57 [INFO] [reviews] Automotive: 4,800,000 rows so far (51,198 rows/s)
2026-08-25 06:23:01 [INFO] [reviews] Automotive: 5,000,000 rows so far (51,183 rows/s)
2026-08-25 06:23:05 [INFO] [reviews] Automotive: 5,200,000 rows so far (51,186 rows/s)
2026-08-25 06:23:09 [INFO] [reviews] Automotive: 5,400,000 rows so far (51,108 rows/s)
2026-08-25 06:23:13 [INFO] [reviews] Automotive: 5,600,000 rows so far (51,000 rows/s)
2026-08-25 06:23:17 [INFO] [reviews] Automotive: 5,800,000 rows so far (50,945 rows/s)
2026-08-25 06:23:21 [INFO] [reviews] Automotive: 6,000,000 rows so far (50,849 rows/s)
2026-08-25 06:23:25 [INFO] [reviews] Automotive: 6,200,000 rows so far (50,790 rows/s)
2026-08-25 06:23:30 [INFO] [reviews] Automotive: 6,400,000 rows so far (50,702 rows/s)
2026-08-25 06:23:34 [INFO] [reviews] Automotive: 6,600,000 rows so far (50,672 rows/s)
2026-08-25 06:23:38 [INFO] [reviews] Automotive: 6,800,000 rows so far (50,645 rows/s)
2026-08-25 06:23:42 [INFO] [reviews] Automotive: 7,000,000 rows so far (50,635 rows/s)
2026-08-25 06:23:45 [INFO] [reviews] Automotive: 7,200,000 rows so far (50,662 rows/s)
2026-08-25 06:23:49 [INFO] [reviews] Automotive: 7,400,000 rows so far (50,651 rows/s)
2026-08-25 06:23:53 [INFO] [reviews] Automotive: 7,600,000 rows so far (50,627 rows/s)
2026-08-25 06:23:58 [INFO] [reviews] Automotive: 7,800,000 rows so far (50,602 rows/s)
2026-08-25 06:24:02 [INFO] [reviews] Automotive: 8,000,000 rows so far (50,586 rows/s)
2026-08-25 06:24:05 [INFO] [reviews] Automotive: 8,200,000 rows so far (50,601 rows/s)
2026-08-25 06:24:09 [INFO] [reviews] Automotive: 8,400,000 rows so far (50,571 rows/s)
2026-08-25 06:24:13 [INFO] [reviews] Automotive: 8,600,000 rows so far (50,569 rows/s)
2026-08-25 06:24:17 [INFO] [reviews] Automotive: 8,800,000 rows so far (50,589 rows/s)
2026-08-25 06:24:21 [INFO] [reviews] Automotive: 9,000,000 rows so far (50,575 rows/s)
2026-08-25 06:24:25 [INFO] [reviews] Automotive: 9,200,000 rows so far (50,572 rows/s)
2026-08-25 06:24:29 [INFO] [reviews] Automotive: 9,400,000 rows so far (50,548 rows/s)
2026-08-25 06:24:33 [INFO] [reviews] Automotive: 9,600,000 rows so far (50,546 rows/s)
2026-08-25 06:24:37 [INFO] [reviews] Automotive: 9,800,000 rows so far (50,554 rows/s)
2026-08-25 06:24:41 [INFO] [reviews] Automotive: 10,000,000 rows so far (50,550 rows/s)
2026-08-25 06:24:45 [INFO] [reviews] Automotive: 10,200,000 rows so far (50,572 rows/s)
2026-08-25 06:24:49 [INFO] [reviews] Automotive: 10,400,000 rows so far (50,560 rows/s)
2026-08-25 06:24:53 [INFO] [reviews] Automotive: 10,600,000 rows so far (50,574 rows/s)
2026-08-25 06:24:57 [INFO] [reviews] Automotive: 10,800,000 rows so far (50,569 rows/s)
2026-08-25 06:25:01 [INFO] [reviews] Automotive: 11,000,000 rows so far (50,556 rows/s)
2026-08-25 06:25:05 [INFO] [reviews] Automotive: 11,200,000 rows so far (50,544 rows/s)
2026-08-25 06:25:09 [INFO] [reviews] Automotive: 11,400,000 rows so far (50,544 rows/s)
2026-08-25 06:25:13 [INFO] [reviews] Automotive: 11,600,000 rows so far (50,551 rows/s)
2026-08-25 06:25:17 [INFO] [reviews] Automotive: 11,800,000 rows so far (50,555 rows/s)
2026-08-25 06:25:21 [INFO] [reviews] Automotive: 12,000,000 rows so far (50,557 rows/s)
2026-08-25 06:25:25 [INFO] [reviews] Automotive: 12,200,000 rows so far (50,579 rows/s)
2026-08-25 06:25:29 [INFO] [reviews] Automotive: 12,400,000 rows so far (50,563 rows/s)
2026-08-25 06:25:33 [INFO] [reviews] Automotive: 12,600,000 rows so far (50,552 rows/s)
2026-08-25 06:25:37 [INFO] [reviews] Automotive: 12,800,000 rows so far (50,534 rows/s)
2026-08-25 06:25:41 [INFO] [reviews] Automotive: 13,000,000 rows so far (50,517 rows/s)
2026-08-25 06:25:45 [INFO] [reviews] Automotive: 13,200,000 rows so far (50,509 rows/s)
2026-08-25 06:25:49 [INFO] [reviews] Automotive: 13,400,000 rows so far (50,516 rows/s)
2026-08-25 06:25:53 [INFO] [reviews] Automotive: 13,600,000 rows so far (50,490 rows/s)
2026-08-25 06:25:57 [INFO] [reviews] Automotive: 13,800,000 rows so far (50,479 rows/s)
2026-08-25 06:26:01 [INFO] [reviews] Automotive: 14,000,000 rows so far (50,467 rows/s)
2026-08-25 06:26:05 [INFO] [reviews] Automotive: 14,200,000 rows so far (50,463 rows/s)
2026-08-25 06:26:09 [INFO] [reviews] Automotive: 14,400,000 rows so far (50,444 rows/s)
2026-08-25 06:26:13 [INFO] [reviews] Automotive: 14,600,000 rows so far (50,425 rows/s)
2026-08-25 06:26:17 [INFO] [reviews] Automotive: 14,800,000 rows so far (50,423 rows/s)
2026-08-25 06:26:21 [INFO] [reviews] Automotive: 15,000,000 rows so far (50,406 rows/s)
2026-08-25 06:26:25 [INFO] [reviews] Automotive: 15,200,000 rows so far (50,425 rows/s)
2026-08-25 06:26:29 [INFO] [reviews] Automotive: 15,400,000 rows so far (50,419 rows/s)
2026-08-25 06:26:33 [INFO] [reviews] Automotive: 15,600,000 rows so far (50,424 rows/s)
2026-08-25 06:26:37 [INFO] [reviews] Automotive: 15,800,000 rows so far (50,428 rows/s)
2026-08-25 06:26:41 [INFO] [reviews] Automotive: 16,000,000 rows so far (50,431 rows/s)
2026-08-25 06:26:44 [INFO] [reviews] Automotive: 16,200,000 rows so far (50,455 rows/s)
2026-08-25 06:26:48 [INFO] [reviews] Automotive: 16,400,000 rows so far (50,472 rows/s)
2026-08-25 06:26:52 [INFO] [reviews] Automotive: 16,600,000 rows so far (50,491 rows/s)
2026-08-25 06:26:56 [INFO] [reviews] Automotive: 16,800,000 rows so far (50,495 rows/s)
2026-08-25 06:27:00 [INFO] [reviews] Automotive: 17,000,000 rows so far (50,478 rows/s)
2026-08-25 06:27:04 [INFO] [reviews] Automotive: 17,200,000 rows so far (50,476 rows/s)
2026-08-25 06:27:08 [INFO] [reviews] Automotive: 17,400,000 rows so far (50,474 rows/s)
2026-08-25 06:27:12 [INFO] [reviews] Automotive: 17,600,000 rows so far (50,481 rows/s)
2026-08-25 06:27:16 [INFO] [reviews] Automotive: 17,800,000 rows so far (50,488 rows/s)
2026-08-25 06:27:20 [INFO] [reviews] Automotive: 18,000,000 rows so far (50,502 rows/s)
2026-08-25 06:27:24 [INFO] [reviews] Automotive: 18,200,000 rows so far (50,518 rows/s)
2026-08-25 06:27:28 [INFO] [reviews] Automotive: 18,400,000 rows so far (50,505 rows/s)
2026-08-25 06:27:32 [INFO] [reviews] Automotive: 18,600,000 rows so far (50,487 rows/s)
2026-08-25 06:27:36 [INFO] [reviews] Automotive: 18,800,000 rows so far (50,481 rows/s)
2026-08-25 06:27:40 [INFO] [reviews] Automotive: 19,000,000 rows so far (50,467 rows/s)
2026-08-25 06:27:44 [INFO] [reviews] Automotive: 19,200,000 rows so far (50,463 rows/s)
2026-08-25 06:27:48 [INFO] [reviews] Automotive: 19,400,000 rows so far (50,478 rows/s)
2026-08-25 06:27:52 [INFO] [reviews] Automotive: 19,600,000 rows so far (50,490 rows/s)
2026-08-25 06:27:55 [INFO] [reviews] Automotive: 19,800,000 rows so far (50,508 rows/s)
2026-08-25 06:27:59 [INFO] [reviews] Automotive: wrote 19,955,450 rows in 395.2s -> /kaggle/working/amazon2023/reviews_by_category/Automotive.parquet
2026-08-25 06:27:59 [INFO] [meta] Automotive: starting download from https://mcauleylab.ucsd.edu/public_datasets/data/amazon_2023/raw/meta_categories/meta_Automotive.jsonl.gz
2026-08-25 06:28:21 [INFO] [meta] Automotive: 200,000 rows so far (9,082 rows/s)
2026-08-25 06:28:43 [INFO] [meta] Automotive: 400,000 rows so far (9,059 rows/s)
2026-08-25 06:29:05 [INFO] [meta] Automotive: 600,000 rows so far (9,081 rows/s)
2026-08-25 06:29:26 [INFO] [meta] Automotive: 800,000 rows so far (9,186 rows/s)
2026-08-25 06:29:46 [INFO] [meta] Automotive: 1,000,000 rows so far (9,280 rows/s)
2026-08-25 06:30:07 [INFO] [meta] Automotive: 1,200,000 rows so far (9,313 rows/s)
2026-08-25 06:30:29 [INFO] [meta] Automotive: 1,400,000 rows so far (9,334 rows/s)
2026-08-25 06:30:49 [INFO] [meta] Automotive: 1,600,000 rows so far (9,360 rows/s)
2026-08-25 06:31:10 [INFO] [meta] Automotive: 1,800,000 rows so far (9,418 rows/s)
2026-08-25 06:31:30 [INFO] [meta] Automotive: 2,000,000 rows so far (9,465 rows/s)
2026-08-25 06:31:30 [INFO] [meta] Automotive: wrote 2,003,129 rows in 211.6s -> /kaggle/working/amazon2023/meta_by_category/Automotive.parquet
2026-08-25 06:31:30 [INFO] Current output size: 1.45 GB
2026-08-25 06:31:30 [INFO] [reviews] Baby_Products: starting download from https://mcauleylab.ucsd.edu/public_datasets/data/amazon_2023/raw/review_categories/Baby_Products.jsonl.gz
2026-08-25 06:31:35 [INFO] [reviews] Baby_Products: 200,000 rows so far (44,346 rows/s)
2026-08-25 06:31:39 [INFO] [reviews] Baby_Products: 400,000 rows so far (46,332 rows/s)
2026-08-25 06:31:43 [INFO] [reviews] Baby_Products: 600,000 rows so far (46,872 rows/s)
2026-08-25 06:31:47 [INFO] [reviews] Baby_Products: 800,000 rows so far (47,070 rows/s)
2026-08-25 06:31:52 [INFO] [reviews] Baby_Products: 1,000,000 rows so far (46,689 rows/s)
2026-08-25 06:31:56 [INFO] [reviews] Baby_Products: 1,200,000 rows so far (46,475 rows/s)
2026-08-25 06:32:00 [INFO] [reviews] Baby_Products: 1,400,000 rows so far (46,551 rows/s)
2026-08-25 06:32:04 [INFO] [reviews] Baby_Products: 1,600,000 rows so far (46,625 rows/s)
2026-08-25 06:32:09 [INFO] [reviews] Baby_Products: 1,800,000 rows so far (46,847 rows/s)
2026-08-25 06:32:13 [INFO] [reviews] Baby_Products: 2,000,000 rows so far (46,919 rows/s)
2026-08-25 06:32:17 [INFO] [reviews] Baby_Products: 2,200,000 rows so far (47,089 rows/s)
2026-08-25 06:32:21 [INFO] [reviews] Baby_Products: 2,400,000 rows so far (47,023 rows/s)
2026-08-25 06:32:25 [INFO] [reviews] Baby_Products: 2,600,000 rows so far (47,033 rows/s)
2026-08-25 06:32:30 [INFO] [reviews] Baby_Products: 2,800,000 rows so far (47,014 rows/s)
2026-08-25 06:32:34 [INFO] [reviews] Baby_Products: 3,000,000 rows so far (47,114 rows/s)
2026-08-25 06:32:38 [INFO] [reviews] Baby_Products: 3,200,000 rows so far (47,118 rows/s)
2026-08-25 06:32:42 [INFO] [reviews] Baby_Products: 3,400,000 rows so far (47,138 rows/s)
2026-08-25 06:32:47 [INFO] [reviews] Baby_Products: 3,600,000 rows so far (47,146 rows/s)
2026-08-25 06:32:51 [INFO] [reviews] Baby_Products: 3,800,000 rows so far (47,182 rows/s)
2026-08-25 06:32:55 [INFO] [reviews] Baby_Products: 4,000,000 rows so far (47,212 rows/s)
2026-08-25 06:32:59 [INFO] [reviews] Baby_Products: 4,200,000 rows so far (47,272 rows/s)
2026-08-25 06:33:03 [INFO] [reviews] Baby_Products: 4,400,000 rows so far (47,317 rows/s)
2026-08-25 06:33:07 [INFO] [reviews] Baby_Products: 4,600,000 rows so far (47,338 rows/s)
2026-08-25 06:33:12 [INFO] [reviews] Baby_Products: 4,800,000 rows so far (47,320 rows/s)
2026-08-25 06:33:16 [INFO] [reviews] Baby_Products: 5,000,000 rows so far (47,341 rows/s)
2026-08-25 06:33:20 [INFO] [reviews] Baby_Products: 5,200,000 rows so far (47,305 rows/s)
2026-08-25 06:33:24 [INFO] [reviews] Baby_Products: 5,400,000 rows so far (47,346 rows/s)
2026-08-25 06:33:28 [INFO] [reviews] Baby_Products: 5,600,000 rows so far (47,344 rows/s)
2026-08-25 06:33:33 [INFO] [reviews] Baby_Products: 5,800,000 rows so far (47,395 rows/s)
2026-08-25 06:33:37 [INFO] [reviews] Baby_Products: 6,000,000 rows so far (47,458 rows/s)
2026-08-25 06:33:37 [INFO] [reviews] Baby_Products: wrote 6,028,884 rows in 127.0s -> /kaggle/working/amazon2023/reviews_by_category/Baby_Products.parquet
2026-08-25 06:33:37 [INFO] [meta] Baby_Products: starting download from https://mcauleylab.ucsd.edu/public_datasets/data/amazon_2023/raw/meta_categories/meta_Baby_Products.jsonl.gz
2026-08-25 06:34:02 [INFO] [meta] Baby_Products: 200,000 rows so far (7,905 rows/s)
2026-08-25 06:34:04 [INFO] [meta] Baby_Products: wrote 217,724 rows in 27.2s -> /kaggle/working/amazon2023/meta_by_category/Baby_Products.parquet
2026-08-25 06:34:04 [INFO] Current output size: 1.63 GB
2026-08-25 06:34:04 [INFO] [reviews] Beauty_and_Personal_Care: starting download from https://mcauleylab.ucsd.edu/public_datasets/data/amazon_2023/raw/review_categories/Beauty_and_Personal_Care.jsonl.gz
2026-08-25 06:34:09 [INFO] [reviews] Beauty_and_Personal_Care: 200,000 rows so far (40,906 rows/s)
2026-08-25 06:34:13 [INFO] [reviews] Beauty_and_Personal_Care: 400,000 rows so far (45,043 rows/s)
2026-08-25 06:34:17 [INFO] [reviews] Beauty_and_Personal_Care: 600,000 rows so far (46,849 rows/s)
2026-08-25 06:34:21 [INFO] [reviews] Beauty_and_Personal_Care: 800,000 rows so far (47,537 rows/s)
2026-08-25 06:34:25 [INFO] [reviews] Beauty_and_Personal_Care: 1,000,000 rows so far (47,730 rows/s)
2026-08-25 06:34:30 [INFO] [reviews] Beauty_and_Personal_Care: 1,200,000 rows so far (47,769 rows/s)
2026-08-25 06:34:34 [INFO] [reviews] Beauty_and_Personal_Care: 1,400,000 rows so far (47,837 rows/s)
2026-08-25 06:34:38 [INFO] [reviews] Beauty_and_Personal_Care: 1,600,000 rows so far (47,692 rows/s)
2026-08-25 06:34:42 [INFO] [reviews] Beauty_and_Personal_Care: 1,800,000 rows so far (47,627 rows/s)
2026-08-25 06:34:46 [INFO] [reviews] Beauty_and_Personal_Care: 2,000,000 rows so far (47,778 rows/s)
2026-08-25 06:34:51 [INFO] [reviews] Beauty_and_Personal_Care: 2,200,000 rows so far (47,750 rows/s)
2026-08-25 06:34:54 [INFO] [reviews] Beauty_and_Personal_Care: 2,400,000 rows so far (47,971 rows/s)
2026-08-25 06:34:59 [INFO] [reviews] Beauty_and_Personal_Care: 2,600,000 rows so far (48,054 rows/s)
2026-08-25 06:35:03 [INFO] [reviews] Beauty_and_Personal_Care: 2,800,000 rows so far (48,098 rows/s)
2026-08-25 06:35:07 [INFO] [reviews] Beauty_and_Personal_Care: 3,000,000 rows so far (48,105 rows/s)
2026-08-25 06:35:11 [INFO] [reviews] Beauty_and_Personal_Care: 3,200,000 rows so far (48,145 rows/s)
2026-08-25 06:35:15 [INFO] [reviews] Beauty_and_Personal_Care: 3,400,000 rows so far (48,181 rows/s)
2026-08-25 06:35:19 [INFO] [reviews] Beauty_and_Personal_Care: 3,600,000 rows so far (48,221 rows/s)
2026-08-25 06:35:23 [INFO] [reviews] Beauty_and_Personal_Care: 3,800,000 rows so far (48,355 rows/s)
2026-08-25 06:35:27 [INFO] [reviews] Beauty_and_Personal_Care: 4,000,000 rows so far (48,412 rows/s)
2026-08-25 06:35:31 [INFO] [reviews] Beauty_and_Personal_Care: 4,200,000 rows so far (48,389 rows/s)
2026-08-25 06:35:35 [INFO] [reviews] Beauty_and_Personal_Care: 4,400,000 rows so far (48,456 rows/s)
2026-08-25 06:35:40 [INFO] [reviews] Beauty_and_Personal_Care: 4,600,000 rows so far (48,326 rows/s)
2026-08-25 06:35:44 [INFO] [reviews] Beauty_and_Personal_Care: 4,800,000 rows so far (48,261 rows/s)
2026-08-25 06:35:48 [INFO] [reviews] Beauty_and_Personal_Care: 5,000,000 rows so far (48,265 rows/s)
2026-08-25 06:35:52 [INFO] [reviews] Beauty_and_Personal_Care: 5,200,000 rows so far (48,274 rows/s)
2026-08-25 06:35:56 [INFO] [reviews] Beauty_and_Personal_Care: 5,400,000 rows so far (48,368 rows/s)
2026-08-25 06:36:00 [INFO] [reviews] Beauty_and_Personal_Care: 5,600,000 rows so far (48,382 rows/s)
2026-08-25 06:36:04 [INFO] [reviews] Beauty_and_Personal_Care: 5,800,000 rows so far (48,453 rows/s)
2026-08-25 06:36:08 [INFO] [reviews] Beauty_and_Personal_Care: 6,000,000 rows so far (48,530 rows/s)
2026-08-25 06:36:12 [INFO] [reviews] Beauty_and_Personal_Care: 6,200,000 rows so far (48,603 rows/s)
2026-08-25 06:36:16 [INFO] [reviews] Beauty_and_Personal_Care: 6,400,000 rows so far (48,649 rows/s)
2026-08-25 06:36:20 [INFO] [reviews] Beauty_and_Personal_Care: 6,600,000 rows so far (48,705 rows/s)
2026-08-25 06:36:24 [INFO] [reviews] Beauty_and_Personal_Care: 6,800,000 rows so far (48,761 rows/s)
2026-08-25 06:36:28 [INFO] [reviews] Beauty_and_Personal_Care: 7,000,000 rows so far (48,808 rows/s)
2026-08-25 06:36:32 [INFO] [reviews] Beauty_and_Personal_Care: 7,200,000 rows so far (48,838 rows/s)
2026-08-25 06:36:36 [INFO] [reviews] Beauty_and_Personal_Care: 7,400,000 rows so far (48,881 rows/s)
2026-08-25 06:36:40 [INFO] [reviews] Beauty_and_Personal_Care: 7,600,000 rows so far (48,907 rows/s)
2026-08-25 06:36:44 [INFO] [reviews] Beauty_and_Personal_Care: 7,800,000 rows so far (48,947 rows/s)
2026-08-25 06:36:48 [INFO] [reviews] Beauty_and_Personal_Care: 8,000,000 rows so far (48,965 rows/s)
2026-08-25 06:36:52 [INFO] [reviews] Beauty_and_Personal_Care: 8,200,000 rows so far (48,944 rows/s)
2026-08-25 06:36:56 [INFO] [reviews] Beauty_and_Personal_Care: 8,400,000 rows so far (48,979 rows/s)
2026-08-25 06:37:00 [INFO] [reviews] Beauty_and_Personal_Care: 8,600,000 rows so far (48,964 rows/s)
2026-08-25 06:37:04 [INFO] [reviews] Beauty_and_Personal_Care: 8,800,000 rows so far (48,948 rows/s)
2026-08-25 06:37:08 [INFO] [reviews] Beauty_and_Personal_Care: 9,000,000 rows so far (48,973 rows/s)
2026-08-25 06:37:12 [INFO] [reviews] Beauty_and_Personal_Care: 9,200,000 rows so far (48,946 rows/s)
2026-08-25 06:37:16 [INFO] [reviews] Beauty_and_Personal_Care: 9,400,000 rows so far (48,948 rows/s)
2026-08-25 06:37:21 [INFO] [reviews] Beauty_and_Personal_Care: 9,600,000 rows so far (48,957 rows/s)
2026-08-25 06:37:25 [INFO] [reviews] Beauty_and_Personal_Care: 9,800,000 rows so far (48,975 rows/s)
2026-08-25 06:37:29 [INFO] [reviews] Beauty_and_Personal_Care: 10,000,000 rows so far (48,959 rows/s)
2026-08-25 06:37:33 [INFO] [reviews] Beauty_and_Personal_Care: 10,200,000 rows so far (48,975 rows/s)
2026-08-25 06:37:37 [INFO] [reviews] Beauty_and_Personal_Care: 10,400,000 rows so far (49,001 rows/s)
2026-08-25 06:37:41 [INFO] [reviews] Beauty_and_Personal_Care: 10,600,000 rows so far (49,031 rows/s)
2026-08-25 06:37:45 [INFO] [reviews] Beauty_and_Personal_Care: 10,800,000 rows so far (49,060 rows/s)
2026-08-25 06:37:49 [INFO] [reviews] Beauty_and_Personal_Care: 11,000,000 rows so far (49,068 rows/s)
2026-08-25 06:37:53 [INFO] [reviews] Beauty_and_Personal_Care: 11,200,000 rows so far (49,091 rows/s)
2026-08-25 06:37:57 [INFO] [reviews] Beauty_and_Personal_Care: 11,400,000 rows so far (49,097 rows/s)
2026-08-25 06:38:01 [INFO] [reviews] Beauty_and_Personal_Care: 11,600,000 rows so far (49,107 rows/s)
2026-08-25 06:38:05 [INFO] [reviews] Beauty_and_Personal_Care: 11,800,000 rows so far (49,123 rows/s)
2026-08-25 06:38:09 [INFO] [reviews] Beauty_and_Personal_Care: 12,000,000 rows so far (49,145 rows/s)
2026-08-25 06:38:13 [INFO] [reviews] Beauty_and_Personal_Care: 12,200,000 rows so far (49,102 rows/s)
2026-08-25 06:38:17 [INFO] [reviews] Beauty_and_Personal_Care: 12,400,000 rows so far (49,071 rows/s)
2026-08-25 06:38:21 [INFO] [reviews] Beauty_and_Personal_Care: 12,600,000 rows so far (49,053 rows/s)
2026-08-25 06:38:25 [INFO] [reviews] Beauty_and_Personal_Care: 12,800,000 rows so far (49,037 rows/s)
2026-08-25 06:38:30 [INFO] [reviews] Beauty_and_Personal_Care: 13,000,000 rows so far (48,967 rows/s)
2026-08-25 06:38:34 [INFO] [reviews] Beauty_and_Personal_Care: 13,200,000 rows so far (48,971 rows/s)
2026-08-25 06:38:38 [INFO] [reviews] Beauty_and_Personal_Care: 13,400,000 rows so far (48,955 rows/s)
2026-08-25 06:38:42 [INFO] [reviews] Beauty_and_Personal_Care: 13,600,000 rows so far (48,941 rows/s)
2026-08-25 06:38:46 [INFO] [reviews] Beauty_and_Personal_Care: 13,800,000 rows so far (48,931 rows/s)
2026-08-25 06:38:51 [INFO] [reviews] Beauty_and_Personal_Care: 14,000,000 rows so far (48,930 rows/s)
2026-08-25 06:38:55 [INFO] [reviews] Beauty_and_Personal_Care: 14,200,000 rows so far (48,948 rows/s)
2026-08-25 06:38:59 [INFO] [reviews] Beauty_and_Personal_Care: 14,400,000 rows so far (48,947 rows/s)
2026-08-25 06:39:03 [INFO] [reviews] Beauty_and_Personal_Care: 14,600,000 rows so far (48,940 rows/s)
2026-08-25 06:39:07 [INFO] [reviews] Beauty_and_Personal_Care: 14,800,000 rows so far (48,947 rows/s)
2026-08-25 06:39:11 [INFO] [reviews] Beauty_and_Personal_Care: 15,000,000 rows so far (48,940 rows/s)
2026-08-25 06:39:15 [INFO] [reviews] Beauty_and_Personal_Care: 15,200,000 rows so far (48,946 rows/s)
2026-08-25 06:39:20 [INFO] [reviews] Beauty_and_Personal_Care: 15,400,000 rows so far (48,878 rows/s)
2026-08-25 06:39:23 [INFO] [reviews] Beauty_and_Personal_Care: 15,600,000 rows so far (48,896 rows/s)
2026-08-25 06:39:27 [INFO] [reviews] Beauty_and_Personal_Care: 15,800,000 rows so far (48,909 rows/s)
2026-08-25 06:39:31 [INFO] [reviews] Beauty_and_Personal_Care: 16,000,000 rows so far (48,925 rows/s)
2026-08-25 06:39:35 [INFO] [reviews] Beauty_and_Personal_Care: 16,200,000 rows so far (48,951 rows/s)
2026-08-25 06:39:39 [INFO] [reviews] Beauty_and_Personal_Care: 16,400,000 rows so far (48,966 rows/s)
2026-08-25 06:39:43 [INFO] [reviews] Beauty_and_Personal_Care: 16,600,000 rows so far (48,987 rows/s)
2026-08-25 06:39:47 [INFO] [reviews] Beauty_and_Personal_Care: 16,800,000 rows so far (49,005 rows/s)
2026-08-25 06:39:51 [INFO] [reviews] Beauty_and_Personal_Care: 17,000,000 rows so far (49,011 rows/s)
2026-08-25 06:39:55 [INFO] [reviews] Beauty_and_Personal_Care: 17,200,000 rows so far (49,020 rows/s)
2026-08-25 06:39:59 [INFO] [reviews] Beauty_and_Personal_Care: 17,400,000 rows so far (49,018 rows/s)
2026-08-25 06:40:03 [INFO] [reviews] Beauty_and_Personal_Care: 17,600,000 rows so far (49,028 rows/s)
2026-08-25 06:40:08 [INFO] [reviews] Beauty_and_Personal_Care: 17,800,000 rows so far (48,975 rows/s)
2026-08-25 06:40:12 [INFO] [reviews] Beauty_and_Personal_Care: 18,000,000 rows so far (48,984 rows/s)
2026-08-25 06:40:16 [INFO] [reviews] Beauty_and_Personal_Care: 18,200,000 rows so far (48,997 rows/s)
2026-08-25 06:40:20 [INFO] [reviews] Beauty_and_Personal_Care: 18,400,000 rows so far (49,006 rows/s)
2026-08-25 06:40:24 [INFO] [reviews] Beauty_and_Personal_Care: 18,600,000 rows so far (49,024 rows/s)
2026-08-25 06:40:28 [INFO] [reviews] Beauty_and_Personal_Care: 18,800,000 rows so far (49,030 rows/s)
2026-08-25 06:40:32 [INFO] [reviews] Beauty_and_Personal_Care: 19,000,000 rows so far (49,041 rows/s)
2026-08-25 06:40:36 [INFO] [reviews] Beauty_and_Personal_Care: 19,200,000 rows so far (49,055 rows/s)
2026-08-25 06:40:40 [INFO] [reviews] Beauty_and_Personal_Care: 19,400,000 rows so far (49,071 rows/s)
2026-08-25 06:40:44 [INFO] [reviews] Beauty_and_Personal_Care: 19,600,000 rows so far (49,091 rows/s)
2026-08-25 06:40:48 [INFO] [reviews] Beauty_and_Personal_Care: 19,800,000 rows so far (49,107 rows/s)
2026-08-25 06:40:52 [INFO] [reviews] Beauty_and_Personal_Care: 20,000,000 rows so far (49,115 rows/s)
2026-08-25 06:40:56 [INFO] [reviews] Beauty_and_Personal_Care: 20,200,000 rows so far (49,128 rows/s)
2026-08-25 06:41:00 [INFO] [reviews] Beauty_and_Personal_Care: 20,400,000 rows so far (49,140 rows/s)
2026-08-25 06:41:04 [INFO] [reviews] Beauty_and_Personal_Care: 20,600,000 rows so far (49,156 rows/s)
2026-08-25 06:41:07 [INFO] [reviews] Beauty_and_Personal_Care: 20,800,000 rows so far (49,175 rows/s)
2026-08-25 06:41:11 [INFO] [reviews] Beauty_and_Personal_Care: 21,000,000 rows so far (49,186 rows/s)
2026-08-25 06:41:15 [INFO] [reviews] Beauty_and_Personal_Care: 21,200,000 rows so far (49,194 rows/s)
2026-08-25 06:41:19 [INFO] [reviews] Beauty_and_Personal_Care: 21,400,000 rows so far (49,206 rows/s)
2026-08-25 06:41:23 [INFO] [reviews] Beauty_and_Personal_Care: 21,600,000 rows so far (49,216 rows/s)
2026-08-25 06:41:27 [INFO] [reviews] Beauty_and_Personal_Care: 21,800,000 rows so far (49,218 rows/s)
2026-08-25 06:41:31 [INFO] [reviews] Beauty_and_Personal_Care: 22,000,000 rows so far (49,221 rows/s)
2026-08-25 06:41:35 [INFO] [reviews] Beauty_and_Personal_Care: 22,200,000 rows so far (49,230 rows/s)
2026-08-25 06:41:39 [INFO] [reviews] Beauty_and_Personal_Care: 22,400,000 rows so far (49,228 rows/s)
2026-08-25 06:41:44 [INFO] [reviews] Beauty_and_Personal_Care: 22,600,000 rows so far (49,226 rows/s)
2026-08-25 06:41:48 [INFO] [reviews] Beauty_and_Personal_Care: 22,800,000 rows so far (49,224 rows/s)
2026-08-25 06:41:52 [INFO] [reviews] Beauty_and_Personal_Care: 23,000,000 rows so far (49,215 rows/s)
2026-08-25 06:41:56 [INFO] [reviews] Beauty_and_Personal_Care: 23,200,000 rows so far (49,217 rows/s)
2026-08-25 06:42:00 [INFO] [reviews] Beauty_and_Personal_Care: 23,400,000 rows so far (49,216 rows/s)
2026-08-25 06:42:04 [INFO] [reviews] Beauty_and_Personal_Care: 23,600,000 rows so far (49,215 rows/s)
2026-08-25 06:42:08 [INFO] [reviews] Beauty_and_Personal_Care: 23,800,000 rows so far (49,212 rows/s)
2026-08-25 06:42:10 [INFO] [reviews] Beauty_and_Personal_Care: wrote 23,911,390 rows in 485.9s -> /kaggle/working/amazon2023/reviews_by_category/Beauty_and_Personal_Care.parquet
2026-08-25 06:42:10 [INFO] [meta] Beauty_and_Personal_Care: starting download from https://mcauleylab.ucsd.edu/public_datasets/data/amazon_2023/raw/meta_categories/meta_Beauty_and_Personal_Care.jsonl.gz
2026-08-25 06:42:33 [INFO] [meta] Beauty_and_Personal_Care: 200,000 rows so far (8,695 rows/s)
2026-08-25 06:42:55 [INFO] [meta] Beauty_and_Personal_Care: 400,000 rows so far (8,923 rows/s)
2026-08-25 06:43:16 [INFO] [meta] Beauty_and_Personal_Care: 600,000 rows so far (9,104 rows/s)
2026-08-25 06:43:37 [INFO] [meta] Beauty_and_Personal_Care: 800,000 rows so far (9,209 rows/s)
2026-08-25 06:43:57 [INFO] [meta] Beauty_and_Personal_Care: 1,000,000 rows so far (9,425 rows/s)
2026-08-25 06:43:59 [INFO] [meta] Beauty_and_Personal_Care: wrote 1,028,914 rows in 108.8s -> /kaggle/working/amazon2023/meta_by_category/Beauty_and_Personal_Care.parquet
2026-08-25 06:43:59 [INFO] Current output size: 2.34 GB
2026-08-25 06:43:59 [INFO] [reviews] Books: starting download from https://mcauleylab.ucsd.edu/public_datasets/data/amazon_2023/raw/review_categories/Books.jsonl.gz
2026-08-25 06:44:04 [INFO] [reviews] Books: 200,000 rows so far (38,133 rows/s)
2026-08-25 06:44:09 [INFO] [reviews] Books: 400,000 rows so far (41,459 rows/s)
2026-08-25 06:44:13 [INFO] [reviews] Books: 600,000 rows so far (42,574 rows/s)
2026-08-25 06:44:18 [INFO] [reviews] Books: 800,000 rows so far (42,524 rows/s)
2026-08-25 06:44:22 [INFO] [reviews] Books: 1,000,000 rows so far (43,301 rows/s)
2026-08-25 06:44:26 [INFO] [reviews] Books: 1,200,000 rows so far (44,175 rows/s)
2026-08-25 06:44:30 [INFO] [reviews] Books: 1,400,000 rows so far (44,769 rows/s)
2026-08-25 06:44:35 [INFO] [reviews] Books: 1,600,000 rows so far (45,150 rows/s)
2026-08-25 06:44:39 [INFO] [reviews] Books: 1,800,000 rows so far (45,035 rows/s)
2026-08-25 06:44:44 [INFO] [reviews] Books: 2,000,000 rows so far (45,108 rows/s)
2026-08-25 06:44:48 [INFO] [reviews] Books: 2,200,000 rows so far (44,972 rows/s)
2026-08-25 06:44:53 [INFO] [reviews] Books: 2,400,000 rows so far (44,999 rows/s)
2026-08-25 06:44:57 [INFO] [reviews] Books: 2,600,000 rows so far (44,915 rows/s)
2026-08-25 06:45:02 [INFO] [reviews] Books: 2,800,000 rows so far (44,906 rows/s)
2026-08-25 06:45:07 [INFO] [reviews] Books: 3,000,000 rows so far (44,559 rows/s)
2026-08-25 06:45:11 [INFO] [reviews] Books: 3,200,000 rows so far (44,670 rows/s)
2026-08-25 06:45:15 [INFO] [reviews] Books: 3,400,000 rows so far (44,842 rows/s)
2026-08-25 06:45:19 [INFO] [reviews] Books: 3,600,000 rows so far (44,985 rows/s)
2026-08-25 06:45:23 [INFO] [reviews] Books: 3,800,000 rows so far (45,178 rows/s)
2026-08-25 06:45:27 [INFO] [reviews] Books: 4,000,000 rows so far (45,315 rows/s)
2026-08-25 06:45:33 [INFO] [reviews] Books: 4,200,000 rows so far (44,745 rows/s)
2026-08-25 06:45:37 [INFO] [reviews] Books: 4,400,000 rows so far (44,789 rows/s)
2026-08-25 06:45:42 [INFO] [reviews] Books: 4,600,000 rows so far (44,586 rows/s)
2026-08-25 06:45:47 [INFO] [reviews] Books: 4,800,000 rows so far (44,448 rows/s)
2026-08-25 06:45:52 [INFO] [reviews] Books: 5,000,000 rows so far (44,323 rows/s)
2026-08-25 06:45:57 [INFO] [reviews] Books: 5,200,000 rows so far (44,312 rows/s)
2026-08-25 06:46:02 [INFO] [reviews] Books: 5,400,000 rows so far (44,088 rows/s)
2026-08-25 06:46:07 [INFO] [reviews] Books: 5,600,000 rows so far (43,924 rows/s)
2026-08-25 06:46:11 [INFO] [reviews] Books: 5,800,000 rows so far (43,920 rows/s)
2026-08-25 06:46:16 [INFO] [reviews] Books: 6,000,000 rows so far (43,949 rows/s)
2026-08-25 06:46:20 [INFO] [reviews] Books: 6,200,000 rows so far (43,907 rows/s)
2026-08-25 06:46:25 [INFO] [reviews] Books: 6,400,000 rows so far (43,821 rows/s)
2026-08-25 06:46:30 [INFO] [reviews] Books: 6,600,000 rows so far (43,678 rows/s)
2026-08-25 06:46:35 [INFO] [reviews] Books: 6,800,000 rows so far (43,724 rows/s)
2026-08-25 06:46:39 [INFO] [reviews] Books: 7,000,000 rows so far (43,774 rows/s)
2026-08-25 06:46:43 [INFO] [reviews] Books: 7,200,000 rows so far (43,832 rows/s)
2026-08-25 06:46:48 [INFO] [reviews] Books: 7,400,000 rows so far (43,882 rows/s)
2026-08-25 06:46:52 [INFO] [reviews] Books: 7,600,000 rows so far (43,935 rows/s)
2026-08-25 06:46:57 [INFO] [reviews] Books: 7,800,000 rows so far (43,945 rows/s)
2026-08-25 06:47:01 [INFO] [reviews] Books: 8,000,000 rows so far (43,952 rows/s)
2026-08-25 06:47:06 [INFO] [reviews] Books: 8,200,000 rows so far (43,989 rows/s)
2026-08-25 06:47:10 [INFO] [reviews] Books: 8,400,000 rows so far (44,022 rows/s)
2026-08-25 06:47:14 [INFO] [reviews] Books: 8,600,000 rows so far (44,064 rows/s)
2026-08-25 06:47:19 [INFO] [reviews] Books: 8,800,000 rows so far (44,082 rows/s)
2026-08-25 06:47:24 [INFO] [reviews] Books: 9,000,000 rows so far (43,939 rows/s)
2026-08-25 06:47:28 [INFO] [reviews] Books: 9,200,000 rows so far (43,962 rows/s)
2026-08-25 06:47:33 [INFO] [reviews] Books: 9,400,000 rows so far (44,033 rows/s)
2026-08-25 06:47:37 [INFO] [reviews] Books: 9,600,000 rows so far (44,103 rows/s)
2026-08-25 06:47:41 [INFO] [reviews] Books: 9,800,000 rows so far (44,120 rows/s)
2026-08-25 06:47:46 [INFO] [reviews] Books: 10,000,000 rows so far (44,145 rows/s)
2026-08-25 06:47:50 [INFO] [reviews] Books: 10,200,000 rows so far (44,168 rows/s)
2026-08-25 06:47:55 [INFO] [reviews] Books: 10,400,000 rows so far (44,195 rows/s)
2026-08-25 06:47:59 [INFO] [reviews] Books: 10,600,000 rows so far (44,153 rows/s)
2026-08-25 06:48:04 [INFO] [reviews] Books: 10,800,000 rows so far (44,150 rows/s)
2026-08-25 06:48:08 [INFO] [reviews] Books: 11,000,000 rows so far (44,137 rows/s)
2026-08-25 06:48:13 [INFO] [reviews] Books: 11,200,000 rows so far (44,114 rows/s)
2026-08-25 06:48:18 [INFO] [reviews] Books: 11,400,000 rows so far (44,064 rows/s)
2026-08-25 06:48:22 [INFO] [reviews] Books: 11,600,000 rows so far (44,091 rows/s)
2026-08-25 06:48:27 [INFO] [reviews] Books: 11,800,000 rows so far (44,142 rows/s)
2026-08-25 06:48:31 [INFO] [reviews] Books: 12,000,000 rows so far (44,152 rows/s)
2026-08-25 06:48:35 [INFO] [reviews] Books: 12,200,000 rows so far (44,158 rows/s)
2026-08-25 06:48:40 [INFO] [reviews] Books: 12,400,000 rows so far (44,178 rows/s)
2026-08-25 06:48:44 [INFO] [reviews] Books: 12,600,000 rows so far (44,226 rows/s)
2026-08-25 06:48:49 [INFO] [reviews] Books: 12,800,000 rows so far (44,203 rows/s)
2026-08-25 06:48:54 [INFO] [reviews] Books: 13,000,000 rows so far (44,167 rows/s)
2026-08-25 06:48:58 [INFO] [reviews] Books: 13,200,000 rows so far (44,187 rows/s)
2026-08-25 06:49:03 [INFO] [reviews] Books: 13,400,000 rows so far (44,117 rows/s)
2026-08-25 06:49:09 [INFO] [reviews] Books: 13,600,000 rows so far (43,946 rows/s)
2026-08-25 06:49:14 [INFO] [reviews] Books: 13,800,000 rows so far (43,780 rows/s)
2026-08-25 06:49:19 [INFO] [reviews] Books: 14,000,000 rows so far (43,751 rows/s)
2026-08-25 06:49:24 [INFO] [reviews] Books: 14,200,000 rows so far (43,778 rows/s)
2026-08-25 06:49:28 [INFO] [reviews] Books: 14,400,000 rows so far (43,769 rows/s)
2026-08-25 06:49:33 [INFO] [reviews] Books: 14,600,000 rows so far (43,697 rows/s)
2026-08-25 06:49:38 [INFO] [reviews] Books: 14,800,000 rows so far (43,699 rows/s)
2026-08-25 06:49:42 [INFO] [reviews] Books: 15,000,000 rows so far (43,752 rows/s)
2026-08-25 06:49:47 [INFO] [reviews] Books: 15,200,000 rows so far (43,756 rows/s)
2026-08-25 06:49:51 [INFO] [reviews] Books: 15,400,000 rows so far (43,723 rows/s)
2026-08-25 06:49:56 [INFO] [reviews] Books: 15,600,000 rows so far (43,753 rows/s)
2026-08-25 06:50:00 [INFO] [reviews] Books: 15,800,000 rows so far (43,755 rows/s)
2026-08-25 06:50:05 [INFO] [reviews] Books: 16,000,000 rows so far (43,752 rows/s)
2026-08-25 06:50:10 [INFO] [reviews] Books: 16,200,000 rows so far (43,734 rows/s)
2026-08-25 06:50:15 [INFO] [reviews] Books: 16,400,000 rows so far (43,693 rows/s)
2026-08-25 06:50:19 [INFO] [reviews] Books: 16,600,000 rows so far (43,724 rows/s)
2026-08-25 06:50:23 [INFO] [reviews] Books: 16,800,000 rows so far (43,748 rows/s)
2026-08-25 06:50:28 [INFO] [reviews] Books: 17,000,000 rows so far (43,764 rows/s)
2026-08-25 06:50:32 [INFO] [reviews] Books: 17,200,000 rows so far (43,772 rows/s)
2026-08-25 06:50:36 [INFO] [reviews] Books: 17,400,000 rows so far (43,807 rows/s)
2026-08-25 06:50:41 [INFO] [reviews] Books: 17,600,000 rows so far (43,839 rows/s)
2026-08-25 06:50:45 [INFO] [reviews] Books: 17,800,000 rows so far (43,829 rows/s)
2026-08-25 06:50:50 [INFO] [reviews] Books: 18,000,000 rows so far (43,845 rows/s)
2026-08-25 06:50:54 [INFO] [reviews] Books: 18,200,000 rows so far (43,874 rows/s)
2026-08-25 06:50:59 [INFO] [reviews] Books: 18,400,000 rows so far (43,883 rows/s)
2026-08-25 06:51:04 [INFO] [reviews] Books: 18,600,000 rows so far (43,836 rows/s)
2026-08-25 06:51:08 [INFO] [reviews] Books: 18,800,000 rows so far (43,829 rows/s)
2026-08-25 06:51:13 [INFO] [reviews] Books: 19,000,000 rows so far (43,824 rows/s)
2026-08-25 06:51:17 [INFO] [reviews] Books: 19,200,000 rows so far (43,829 rows/s)
2026-08-25 06:51:22 [INFO] [reviews] Books: 19,400,000 rows so far (43,834 rows/s)
2026-08-25 06:51:26 [INFO] [reviews] Books: 19,600,000 rows so far (43,869 rows/s)
2026-08-25 06:51:30 [INFO] [reviews] Books: 19,800,000 rows so far (43,881 rows/s)
2026-08-25 06:51:35 [INFO] [reviews] Books: 20,000,000 rows so far (43,878 rows/s)
2026-08-25 06:51:40 [INFO] [reviews] Books: 20,200,000 rows so far (43,870 rows/s)
2026-08-25 06:51:44 [INFO] [reviews] Books: 20,400,000 rows so far (43,868 rows/s)
2026-08-25 06:51:49 [INFO] [reviews] Books: 20,600,000 rows so far (43,826 rows/s)
2026-08-25 06:51:54 [INFO] [reviews] Books: 20,800,000 rows so far (43,798 rows/s)
2026-08-25 06:52:00 [INFO] [reviews] Books: 21,000,000 rows so far (43,694 rows/s)
2026-08-25 06:52:04 [INFO] [reviews] Books: 21,200,000 rows so far (43,715 rows/s)
2026-08-25 06:52:09 [INFO] [reviews] Books: 21,400,000 rows so far (43,723 rows/s)
2026-08-25 06:52:13 [INFO] [reviews] Books: 21,600,000 rows so far (43,749 rows/s)
2026-08-25 06:52:17 [INFO] [reviews] Books: 21,800,000 rows so far (43,772 rows/s)
2026-08-25 06:52:22 [INFO] [reviews] Books: 22,000,000 rows so far (43,786 rows/s)
2026-08-25 06:52:26 [INFO] [reviews] Books: 22,200,000 rows so far (43,803 rows/s)
2026-08-25 06:52:30 [INFO] [reviews] Books: 22,400,000 rows so far (43,823 rows/s)
2026-08-25 06:52:35 [INFO] [reviews] Books: 22,600,000 rows so far (43,836 rows/s)
2026-08-25 06:52:39 [INFO] [reviews] Books: 22,800,000 rows so far (43,848 rows/s)
2026-08-25 06:52:44 [INFO] [reviews] Books: 23,000,000 rows so far (43,868 rows/s)
2026-08-25 06:52:48 [INFO] [reviews] Books: 23,200,000 rows so far (43,879 rows/s)
2026-08-25 06:52:52 [INFO] [reviews] Books: 23,400,000 rows so far (43,890 rows/s)
2026-08-25 06:52:57 [INFO] [reviews] Books: 23,600,000 rows so far (43,902 rows/s)
2026-08-25 06:53:01 [INFO] [reviews] Books: 23,800,000 rows so far (43,896 rows/s)
2026-08-25 06:53:06 [INFO] [reviews] Books: 24,000,000 rows so far (43,897 rows/s)
2026-08-25 06:53:10 [INFO] [reviews] Books: 24,200,000 rows so far (43,915 rows/s)
2026-08-25 06:53:15 [INFO] [reviews] Books: 24,400,000 rows so far (43,913 rows/s)
2026-08-25 06:53:19 [INFO] [reviews] Books: 24,600,000 rows so far (43,907 rows/s)
2026-08-25 06:53:24 [INFO] [reviews] Books: 24,800,000 rows so far (43,895 rows/s)
2026-08-25 06:53:29 [INFO] [reviews] Books: 25,000,000 rows so far (43,896 rows/s)
2026-08-25 06:53:33 [INFO] [reviews] Books: 25,200,000 rows so far (43,902 rows/s)
2026-08-25 06:53:38 [INFO] [reviews] Books: 25,400,000 rows so far (43,908 rows/s)
2026-08-25 06:53:42 [INFO] [reviews] Books: 25,600,000 rows so far (43,907 rows/s)
2026-08-25 06:53:47 [INFO] [reviews] Books: 25,800,000 rows so far (43,906 rows/s)
2026-08-25 06:53:52 [INFO] [reviews] Books: 26,000,000 rows so far (43,892 rows/s)
2026-08-25 06:53:56 [INFO] [reviews] Books: 26,200,000 rows so far (43,892 rows/s)
2026-08-25 06:54:01 [INFO] [reviews] Books: 26,400,000 rows so far (43,885 rows/s)
2026-08-25 06:54:05 [INFO] [reviews] Books: 26,600,000 rows so far (43,886 rows/s)
2026-08-25 06:54:10 [INFO] [reviews] Books: 26,800,000 rows so far (43,872 rows/s)
2026-08-25 06:54:14 [INFO] [reviews] Books: 27,000,000 rows so far (43,884 rows/s)
2026-08-25 06:54:19 [INFO] [reviews] Books: 27,200,000 rows so far (43,884 rows/s)
2026-08-25 06:54:24 [INFO] [reviews] Books: 27,400,000 rows so far (43,889 rows/s)
2026-08-25 06:54:28 [INFO] [reviews] Books: 27,600,000 rows so far (43,892 rows/s)
2026-08-25 06:54:33 [INFO] [reviews] Books: 27,800,000 rows so far (43,888 rows/s)
2026-08-25 06:54:37 [INFO] [reviews] Books: 28,000,000 rows so far (43,898 rows/s)
2026-08-25 06:54:42 [INFO] [reviews] Books: 28,200,000 rows so far (43,904 rows/s)
2026-08-25 06:54:46 [INFO] [reviews] Books: 28,400,000 rows so far (43,918 rows/s)
2026-08-25 06:54:50 [INFO] [reviews] Books: 28,600,000 rows so far (43,913 rows/s)
2026-08-25 06:54:55 [INFO] [reviews] Books: 28,800,000 rows so far (43,916 rows/s)
2026-08-25 06:55:00 [INFO] [reviews] Books: 29,000,000 rows so far (43,919 rows/s)
2026-08-25 06:55:04 [INFO] [reviews] Books: 29,200,000 rows so far (43,922 rows/s)
2026-08-25 06:55:09 [INFO] [reviews] Books: 29,400,000 rows so far (43,926 rows/s)
2026-08-25 06:55:10 [INFO] [reviews] Books: wrote 29,475,453 rows in 671.0s -> /kaggle/working/amazon2023/reviews_by_category/Books.parquet
2026-08-25 06:55:10 [INFO] [meta] Books: starting download from https://mcauleylab.ucsd.edu/public_datasets/data/amazon_2023/raw/meta_categories/meta_Books.jsonl.gz
2026-08-25 06:55:36 [INFO] [meta] Books: 200,000 rows so far (7,657 rows/s)
2026-08-25 06:56:01 [INFO] [meta] Books: 400,000 rows so far (7,877 rows/s)
2026-08-25 06:56:26 [INFO] [meta] Books: 600,000 rows so far (7,967 rows/s)
2026-08-25 06:56:51 [INFO] [meta] Books: 800,000 rows so far (7,943 rows/s)
2026-08-25 06:57:16 [INFO] [meta] Books: 1,000,000 rows so far (7,959 rows/s)
2026-08-25 06:57:41 [INFO] [meta] Books: 1,200,000 rows so far (7,958 rows/s)
2026-08-25 06:58:05 [INFO] [meta] Books: 1,400,000 rows so far (8,018 rows/s)
2026-08-25 06:58:30 [INFO] [meta] Books: 1,600,000 rows so far (8,007 rows/s)
2026-08-25 06:58:55 [INFO] [meta] Books: 1,800,000 rows so far (8,022 rows/s)
2026-08-25 06:59:20 [INFO] [meta] Books: 2,000,000 rows so far (8,023 rows/s)
2026-08-25 06:59:43 [INFO] [meta] Books: 2,200,000 rows so far (8,065 rows/s)
2026-08-25 07:00:07 [INFO] [meta] Books: 2,400,000 rows so far (8,083 rows/s)
2026-08-25 07:00:31 [INFO] [meta] Books: 2,600,000 rows so far (8,111 rows/s)
2026-08-25 07:00:56 [INFO] [meta] Books: 2,800,000 rows so far (8,100 rows/s)
2026-08-25 07:01:21 [INFO] [meta] Books: 3,000,000 rows so far (8,083 rows/s)
2026-08-25 07:01:47 [INFO] [meta] Books: 3,200,000 rows so far (8,071 rows/s)
2026-08-25 07:02:12 [INFO] [meta] Books: 3,400,000 rows so far (8,058 rows/s)
2026-08-25 07:02:35 [INFO] [meta] Books: 3,600,000 rows so far (8,087 rows/s)
2026-08-25 07:02:56 [INFO] [meta] Books: 3,800,000 rows so far (8,156 rows/s)
2026-08-25 07:03:16 [INFO] [meta] Books: 4,000,000 rows so far (8,238 rows/s)
2026-08-25 07:03:44 [INFO] [meta] Books: 4,200,000 rows so far (8,181 rows/s)
2026-08-25 07:04:05 [INFO] [meta] Books: 4,400,000 rows so far (8,228 rows/s)
2026-08-25 07:04:10 [INFO] [meta] Books: wrote 4,448,181 rows in 539.4s -> /kaggle/working/amazon2023/meta_by_category/Books.parquet
2026-08-25 07:04:10 [INFO] Current output size: 5.41 GB
2026-08-25 07:04:10 [INFO] [reviews] CDs_and_Vinyl: starting download from https://mcauleylab.ucsd.edu/public_datasets/data/amazon_2023/raw/review_categories/CDs_and_Vinyl.jsonl.gz
2026-08-25 07:04:14 [INFO] [reviews] CDs_and_Vinyl: 200,000 rows so far (44,528 rows/s)
2026-08-25 07:04:19 [INFO] [reviews] CDs_and_Vinyl: 400,000 rows so far (44,939 rows/s)
2026-08-25 07:04:23 [INFO] [reviews] CDs_and_Vinyl: 600,000 rows so far (46,012 rows/s)
2026-08-25 07:04:27 [INFO] [reviews] CDs_and_Vinyl: 800,000 rows so far (45,334 rows/s)
2026-08-25 07:04:32 [INFO] [reviews] CDs_and_Vinyl: 1,000,000 rows so far (44,673 rows/s)
2026-08-25 07:04:36 [INFO] [reviews] CDs_and_Vinyl: 1,200,000 rows so far (44,916 rows/s)
2026-08-25 07:04:41 [INFO] [reviews] CDs_and_Vinyl: 1,400,000 rows so far (44,582 rows/s)
2026-08-25 07:04:46 [INFO] [reviews] CDs_and_Vinyl: 1,600,000 rows so far (44,283 rows/s)
2026-08-25 07:04:50 [INFO] [reviews] CDs_and_Vinyl: 1,800,000 rows so far (44,158 rows/s)
2026-08-25 07:04:55 [INFO] [reviews] CDs_and_Vinyl: 2,000,000 rows so far (44,200 rows/s)
2026-08-25 07:05:00 [INFO] [reviews] CDs_and_Vinyl: 2,200,000 rows so far (43,613 rows/s)
2026-08-25 07:05:05 [INFO] [reviews] CDs_and_Vinyl: 2,400,000 rows so far (43,403 rows/s)
2026-08-25 07:05:10 [INFO] [reviews] CDs_and_Vinyl: 2,600,000 rows so far (43,283 rows/s)
2026-08-25 07:05:15 [INFO] [reviews] CDs_and_Vinyl: 2,800,000 rows so far (43,155 rows/s)
2026-08-25 07:05:19 [INFO] [reviews] CDs_and_Vinyl: 3,000,000 rows so far (43,122 rows/s)
2026-08-25 07:05:24 [INFO] [reviews] CDs_and_Vinyl: 3,200,000 rows so far (43,042 rows/s)
2026-08-25 07:05:29 [INFO] [reviews] CDs_and_Vinyl: 3,400,000 rows so far (42,971 rows/s)
2026-08-25 07:05:33 [INFO] [reviews] CDs_and_Vinyl: 3,600,000 rows so far (43,062 rows/s)
2026-08-25 07:05:38 [INFO] [reviews] CDs_and_Vinyl: 3,800,000 rows so far (43,006 rows/s)
2026-08-25 07:05:43 [INFO] [reviews] CDs_and_Vinyl: 4,000,000 rows so far (42,861 rows/s)
2026-08-25 07:05:48 [INFO] [reviews] CDs_and_Vinyl: 4,200,000 rows so far (42,612 rows/s)
2026-08-25 07:05:53 [INFO] [reviews] CDs_and_Vinyl: 4,400,000 rows so far (42,575 rows/s)
2026-08-25 07:05:58 [INFO] [reviews] CDs_and_Vinyl: 4,600,000 rows so far (42,586 rows/s)
2026-08-25 07:06:03 [INFO] [reviews] CDs_and_Vinyl: 4,800,000 rows so far (42,504 rows/s)
2026-08-25 07:06:03 [INFO] [reviews] CDs_and_Vinyl: wrote 4,827,273 rows in 113.6s -> /kaggle/working/amazon2023/reviews_by_category/CDs_and_Vinyl.parquet
2026-08-25 07:06:03 [INFO] [meta] CDs_and_Vinyl: starting download from https://mcauleylab.ucsd.edu/public_datasets/data/amazon_2023/raw/meta_categories/meta_CDs_and_Vinyl.jsonl.gz
2026-08-25 07:06:18 [INFO] [meta] CDs_and_Vinyl: 200,000 rows so far (14,039 rows/s)
2026-08-25 07:06:31 [INFO] [meta] CDs_and_Vinyl: 400,000 rows so far (14,425 rows/s)
2026-08-25 07:06:44 [INFO] [meta] CDs_and_Vinyl: 600,000 rows so far (14,686 rows/s)
2026-08-25 07:06:51 [INFO] [meta] CDs_and_Vinyl: wrote 701,959 rows in 47.2s -> /kaggle/working/amazon2023/meta_by_category/CDs_and_Vinyl.parquet
2026-08-25 07:06:51 [INFO] Current output size: 5.66 GB
2026-08-25 07:06:51 [INFO] [reviews] Cell_Phones_and_Accessories: starting download from https://mcauleylab.ucsd.edu/public_datasets/data/amazon_2023/raw/review_categories/Cell_Phones_and_Accessories.jsonl.gz
2026-08-25 07:06:55 [INFO] [reviews] Cell_Phones_and_Accessories: 200,000 rows so far (43,885 rows/s)
2026-08-25 07:06:59 [INFO] [reviews] Cell_Phones_and_Accessories: 400,000 rows so far (46,244 rows/s)
2026-08-25 07:07:03 [INFO] [reviews] Cell_Phones_and_Accessories: 600,000 rows so far (47,026 rows/s)
2026-08-25 07:07:07 [INFO] [reviews] Cell_Phones_and_Accessories: 800,000 rows so far (47,521 rows/s)
2026-08-25 07:07:11 [INFO] [reviews] Cell_Phones_and_Accessories: 1,000,000 rows so far (47,722 rows/s)
2026-08-25 07:07:15 [INFO] [reviews] Cell_Phones_and_Accessories: 1,200,000 rows so far (48,202 rows/s)
2026-08-25 07:07:19 [INFO] [reviews] Cell_Phones_and_Accessories: 1,400,000 rows so far (48,524 rows/s)
2026-08-25 07:07:23 [INFO] [reviews] Cell_Phones_and_Accessories: 1,600,000 rows so far (48,793 rows/s)
2026-08-25 07:07:27 [INFO] [reviews] Cell_Phones_and_Accessories: 1,800,000 rows so far (48,875 rows/s)
2026-08-25 07:07:32 [INFO] [reviews] Cell_Phones_and_Accessories: 2,000,000 rows so far (48,659 rows/s)
2026-08-25 07:07:36 [INFO] [reviews] Cell_Phones_and_Accessories: 2,200,000 rows so far (48,533 rows/s)
2026-08-25 07:07:40 [INFO] [reviews] Cell_Phones_and_Accessories: 2,400,000 rows so far (48,464 rows/s)
2026-08-25 07:07:44 [INFO] [reviews] Cell_Phones_and_Accessories: 2,600,000 rows so far (48,514 rows/s)
2026-08-25 07:07:48 [INFO] [reviews] Cell_Phones_and_Accessories: 2,800,000 rows so far (48,546 rows/s)
2026-08-25 07:07:52 [INFO] [reviews] Cell_Phones_and_Accessories: 3,000,000 rows so far (48,422 rows/s)
2026-08-25 07:07:57 [INFO] [reviews] Cell_Phones_and_Accessories: 3,200,000 rows so far (48,363 rows/s)
2026-08-25 07:08:01 [INFO] [reviews] Cell_Phones_and_Accessories: 3,400,000 rows so far (48,377 rows/s)
2026-08-25 07:08:05 [INFO] [reviews] Cell_Phones_and_Accessories: 3,600,000 rows so far (48,421 rows/s)
2026-08-25 07:08:09 [INFO] [reviews] Cell_Phones_and_Accessories: 3,800,000 rows so far (48,418 rows/s)
2026-08-25 07:08:13 [INFO] [reviews] Cell_Phones_and_Accessories: 4,000,000 rows so far (48,444 rows/s)
2026-08-25 07:08:17 [INFO] [reviews] Cell_Phones_and_Accessories: 4,200,000 rows so far (48,418 rows/s)
2026-08-25 07:08:21 [INFO] [reviews] Cell_Phones_and_Accessories: 4,400,000 rows so far (48,385 rows/s)
2026-08-25 07:08:26 [INFO] [reviews] Cell_Phones_and_Accessories: 4,600,000 rows so far (48,384 rows/s)
2026-08-25 07:08:30 [INFO] [reviews] Cell_Phones_and_Accessories: 4,800,000 rows so far (48,348 rows/s)
2026-08-25 07:08:34 [INFO] [reviews] Cell_Phones_and_Accessories: 5,000,000 rows so far (48,308 rows/s)
2026-08-25 07:08:38 [INFO] [reviews] Cell_Phones_and_Accessories: 5,200,000 rows so far (48,248 rows/s)
2026-08-25 07:08:43 [INFO] [reviews] Cell_Phones_and_Accessories: 5,400,000 rows so far (48,223 rows/s)
2026-08-25 07:08:47 [INFO] [reviews] Cell_Phones_and_Accessories: 5,600,000 rows so far (48,205 rows/s)
2026-08-25 07:08:51 [INFO] [reviews] Cell_Phones_and_Accessories: 5,800,000 rows so far (48,196 rows/s)
2026-08-25 07:08:55 [INFO] [reviews] Cell_Phones_and_Accessories: 6,000,000 rows so far (48,200 rows/s)
2026-08-25 07:08:59 [INFO] [reviews] Cell_Phones_and_Accessories: 6,200,000 rows so far (48,176 rows/s)
2026-08-25 07:09:03 [INFO] [reviews] Cell_Phones_and_Accessories: 6,400,000 rows so far (48,186 rows/s)
2026-08-25 07:09:07 [INFO] [reviews] Cell_Phones_and_Accessories: 6,600,000 rows so far (48,195 rows/s)
2026-08-25 07:09:12 [INFO] [reviews] Cell_Phones_and_Accessories: 6,800,000 rows so far (48,119 rows/s)
2026-08-25 07:09:16 [INFO] [reviews] Cell_Phones_and_Accessories: 7,000,000 rows so far (48,072 rows/s)
2026-08-25 07:09:20 [INFO] [reviews] Cell_Phones_and_Accessories: 7,200,000 rows so far (48,053 rows/s)
2026-08-25 07:09:24 [INFO] [reviews] Cell_Phones_and_Accessories: 7,400,000 rows so far (48,096 rows/s)
2026-08-25 07:09:29 [INFO] [reviews] Cell_Phones_and_Accessories: 7,600,000 rows so far (48,078 rows/s)
2026-08-25 07:09:33 [INFO] [reviews] Cell_Phones_and_Accessories: 7,800,000 rows so far (48,101 rows/s)
2026-08-25 07:09:37 [INFO] [reviews] Cell_Phones_and_Accessories: 8,000,000 rows so far (48,125 rows/s)
2026-08-25 07:09:41 [INFO] [reviews] Cell_Phones_and_Accessories: 8,200,000 rows so far (48,109 rows/s)
2026-08-25 07:09:45 [INFO] [reviews] Cell_Phones_and_Accessories: 8,400,000 rows so far (48,121 rows/s)
2026-08-25 07:09:49 [INFO] [reviews] Cell_Phones_and_Accessories: 8,600,000 rows so far (48,094 rows/s)
2026-08-25 07:09:54 [INFO] [reviews] Cell_Phones_and_Accessories: 8,800,000 rows so far (48,073 rows/s)
2026-08-25 07:09:58 [INFO] [reviews] Cell_Phones_and_Accessories: 9,000,000 rows so far (48,058 rows/s)
2026-08-25 07:10:02 [INFO] [reviews] Cell_Phones_and_Accessories: 9,200,000 rows so far (48,032 rows/s)
2026-08-25 07:10:06 [INFO] [reviews] Cell_Phones_and_Accessories: 9,400,000 rows so far (48,050 rows/s)
2026-08-25 07:10:10 [INFO] [reviews] Cell_Phones_and_Accessories: 9,600,000 rows so far (48,055 rows/s)
2026-08-25 07:10:15 [INFO] [reviews] Cell_Phones_and_Accessories: 9,800,000 rows so far (48,038 rows/s)
2026-08-25 07:10:19 [INFO] [reviews] Cell_Phones_and_Accessories: 10,000,000 rows so far (48,031 rows/s)
2026-08-25 07:10:23 [INFO] [reviews] Cell_Phones_and_Accessories: 10,200,000 rows so far (48,025 rows/s)
2026-08-25 07:10:27 [INFO] [reviews] Cell_Phones_and_Accessories: 10,400,000 rows so far (48,021 rows/s)
2026-08-25 07:10:31 [INFO] [reviews] Cell_Phones_and_Accessories: 10,600,000 rows so far (47,973 rows/s)
2026-08-25 07:10:36 [INFO] [reviews] Cell_Phones_and_Accessories: 10,800,000 rows so far (47,963 rows/s)
2026-08-25 07:10:40 [INFO] [reviews] Cell_Phones_and_Accessories: 11,000,000 rows so far (47,945 rows/s)
2026-08-25 07:10:44 [INFO] [reviews] Cell_Phones_and_Accessories: 11,200,000 rows so far (47,980 rows/s)
2026-08-25 07:10:48 [INFO] [reviews] Cell_Phones_and_Accessories: 11,400,000 rows so far (48,016 rows/s)
2026-08-25 07:10:52 [INFO] [reviews] Cell_Phones_and_Accessories: 11,600,000 rows so far (48,066 rows/s)
2026-08-25 07:10:56 [INFO] [reviews] Cell_Phones_and_Accessories: 11,800,000 rows so far (48,059 rows/s)
2026-08-25 07:11:00 [INFO] [reviews] Cell_Phones_and_Accessories: 12,000,000 rows so far (48,067 rows/s)
2026-08-25 07:11:04 [INFO] [reviews] Cell_Phones_and_Accessories: 12,200,000 rows so far (48,088 rows/s)
2026-08-25 07:11:08 [INFO] [reviews] Cell_Phones_and_Accessories: 12,400,000 rows so far (48,115 rows/s)
2026-08-25 07:11:12 [INFO] [reviews] Cell_Phones_and_Accessories: 12,600,000 rows so far (48,145 rows/s)
2026-08-25 07:11:16 [INFO] [reviews] Cell_Phones_and_Accessories: 12,800,000 rows so far (48,190 rows/s)
2026-08-25 07:11:20 [INFO] [reviews] Cell_Phones_and_Accessories: 13,000,000 rows so far (48,220 rows/s)
2026-08-25 07:11:24 [INFO] [reviews] Cell_Phones_and_Accessories: 13,200,000 rows so far (48,260 rows/s)
2026-08-25 07:11:28 [INFO] [reviews] Cell_Phones_and_Accessories: 13,400,000 rows so far (48,268 rows/s)
2026-08-25 07:11:32 [INFO] [reviews] Cell_Phones_and_Accessories: 13,600,000 rows so far (48,261 rows/s)
2026-08-25 07:11:36 [INFO] [reviews] Cell_Phones_and_Accessories: 13,800,000 rows so far (48,277 rows/s)
2026-08-25 07:11:41 [INFO] [reviews] Cell_Phones_and_Accessories: 14,000,000 rows so far (48,276 rows/s)
2026-08-25 07:11:45 [INFO] [reviews] Cell_Phones_and_Accessories: 14,200,000 rows so far (48,274 rows/s)
2026-08-25 07:11:49 [INFO] [reviews] Cell_Phones_and_Accessories: 14,400,000 rows so far (48,282 rows/s)
2026-08-25 07:11:53 [INFO] [reviews] Cell_Phones_and_Accessories: 14,600,000 rows so far (48,292 rows/s)
2026-08-25 07:11:57 [INFO] [reviews] Cell_Phones_and_Accessories: 14,800,000 rows so far (48,308 rows/s)
2026-08-25 07:12:01 [INFO] [reviews] Cell_Phones_and_Accessories: 15,000,000 rows so far (48,317 rows/s)
2026-08-25 07:12:05 [INFO] [reviews] Cell_Phones_and_Accessories: 15,200,000 rows so far (48,330 rows/s)
2026-08-25 07:12:09 [INFO] [reviews] Cell_Phones_and_Accessories: 15,400,000 rows so far (48,350 rows/s)
2026-08-25 07:12:13 [INFO] [reviews] Cell_Phones_and_Accessories: 15,600,000 rows so far (48,357 rows/s)
2026-08-25 07:12:17 [INFO] [reviews] Cell_Phones_and_Accessories: 15,800,000 rows so far (48,369 rows/s)
2026-08-25 07:12:21 [INFO] [reviews] Cell_Phones_and_Accessories: 16,000,000 rows so far (48,394 rows/s)
2026-08-25 07:12:25 [INFO] [reviews] Cell_Phones_and_Accessories: 16,200,000 rows so far (48,425 rows/s)
2026-08-25 07:12:29 [INFO] [reviews] Cell_Phones_and_Accessories: 16,400,000 rows so far (48,441 rows/s)
2026-08-25 07:12:33 [INFO] [reviews] Cell_Phones_and_Accessories: 16,600,000 rows so far (48,444 rows/s)
2026-08-25 07:12:37 [INFO] [reviews] Cell_Phones_and_Accessories: 16,800,000 rows so far (48,434 rows/s)
2026-08-25 07:12:41 [INFO] [reviews] Cell_Phones_and_Accessories: 17,000,000 rows so far (48,442 rows/s)
2026-08-25 07:12:45 [INFO] [reviews] Cell_Phones_and_Accessories: 17,200,000 rows so far (48,472 rows/s)
2026-08-25 07:12:49 [INFO] [reviews] Cell_Phones_and_Accessories: 17,400,000 rows so far (48,489 rows/s)
2026-08-25 07:12:53 [INFO] [reviews] Cell_Phones_and_Accessories: 17,600,000 rows so far (48,509 rows/s)
2026-08-25 07:12:57 [INFO] [reviews] Cell_Phones_and_Accessories: 17,800,000 rows so far (48,521 rows/s)
2026-08-25 07:13:02 [INFO] [reviews] Cell_Phones_and_Accessories: 18,000,000 rows so far (48,512 rows/s)
2026-08-25 07:13:06 [INFO] [reviews] Cell_Phones_and_Accessories: 18,200,000 rows so far (48,515 rows/s)
2026-08-25 07:13:10 [INFO] [reviews] Cell_Phones_and_Accessories: 18,400,000 rows so far (48,512 rows/s)
2026-08-25 07:13:14 [INFO] [reviews] Cell_Phones_and_Accessories: 18,600,000 rows so far (48,525 rows/s)
2026-08-25 07:13:18 [INFO] [reviews] Cell_Phones_and_Accessories: 18,800,000 rows so far (48,534 rows/s)
2026-08-25 07:13:22 [INFO] [reviews] Cell_Phones_and_Accessories: 19,000,000 rows so far (48,555 rows/s)
2026-08-25 07:13:26 [INFO] [reviews] Cell_Phones_and_Accessories: 19,200,000 rows so far (48,580 rows/s)
2026-08-25 07:13:30 [INFO] [reviews] Cell_Phones_and_Accessories: 19,400,000 rows so far (48,596 rows/s)
2026-08-25 07:13:34 [INFO] [reviews] Cell_Phones_and_Accessories: 19,600,000 rows so far (48,629 rows/s)
2026-08-25 07:13:37 [INFO] [reviews] Cell_Phones_and_Accessories: 19,800,000 rows so far (48,653 rows/s)
2026-08-25 07:13:42 [INFO] [reviews] Cell_Phones_and_Accessories: 20,000,000 rows so far (48,665 rows/s)
2026-08-25 07:13:45 [INFO] [reviews] Cell_Phones_and_Accessories: 20,200,000 rows so far (48,690 rows/s)
2026-08-25 07:13:49 [INFO] [reviews] Cell_Phones_and_Accessories: 20,400,000 rows so far (48,697 rows/s)
2026-08-25 07:13:53 [INFO] [reviews] Cell_Phones_and_Accessories: 20,600,000 rows so far (48,710 rows/s)
2026-08-25 07:13:58 [INFO] [reviews] Cell_Phones_and_Accessories: 20,800,000 rows so far (48,713 rows/s)
2026-08-25 07:13:58 [INFO] [reviews] Cell_Phones_and_Accessories: wrote 20,812,945 rows in 427.3s -> /kaggle/working/amazon2023/reviews_by_category/Cell_Phones_and_Accessories.parquet
2026-08-25 07:13:58 [INFO] [meta] Cell_Phones_and_Accessories: starting download from https://mcauleylab.ucsd.edu/public_datasets/data/amazon_2023/raw/meta_categories/meta_Cell_Phones_and_Accessories.jsonl.gz
2026-08-25 07:14:24 [INFO] [meta] Cell_Phones_and_Accessories: 200,000 rows so far (7,753 rows/s)
2026-08-25 07:14:48 [INFO] [meta] Cell_Phones_and_Accessories: 400,000 rows so far (8,026 rows/s)
2026-08-25 07:15:11 [INFO] [meta] Cell_Phones_and_Accessories: 600,000 rows so far (8,190 rows/s)
2026-08-25 07:15:33 [INFO] [meta] Cell_Phones_and_Accessories: 800,000 rows so far (8,383 rows/s)
2026-08-25 07:15:56 [INFO] [meta] Cell_Phones_and_Accessories: 1,000,000 rows so far (8,469 rows/s)
2026-08-25 07:16:18 [INFO] [meta] Cell_Phones_and_Accessories: 1,200,000 rows so far (8,570 rows/s)
2026-08-25 07:16:27 [INFO] [meta] Cell_Phones_and_Accessories: wrote 1,288,490 rows in 149.3s -> /kaggle/working/amazon2023/meta_by_category/Cell_Phones_and_Accessories.parquet
2026-08-25 07:16:27 [INFO] Current output size: 6.38 GB
2026-08-25 07:16:27 [INFO] [reviews] Clothing_Shoes_and_Jewelry: starting download from https://mcauleylab.ucsd.edu/public_datasets/data/amazon_2023/raw/review_categories/Clothing_Shoes_and_Jewelry.jsonl.gz
2026-08-25 07:16:32 [INFO] [reviews] Clothing_Shoes_and_Jewelry: 200,000 rows so far (42,811 rows/s)
2026-08-25 07:16:36 [INFO] [reviews] Clothing_Shoes_and_Jewelry: 400,000 rows so far (44,951 rows/s)
2026-08-25 07:16:40 [INFO] [reviews] Clothing_Shoes_and_Jewelry: 600,000 rows so far (45,781 rows/s)
2026-08-25 07:16:44 [INFO] [reviews] Clothing_Shoes_and_Jewelry: 800,000 rows so far (46,487 rows/s)
2026-08-25 07:16:48 [INFO] [reviews] Clothing_Shoes_and_Jewelry: 1,000,000 rows so far (46,969 rows/s)
2026-08-25 07:16:53 [INFO] [reviews] Clothing_Shoes_and_Jewelry: 1,200,000 rows so far (47,215 rows/s)
2026-08-25 07:16:57 [INFO] [reviews] Clothing_Shoes_and_Jewelry: 1,400,000 rows so far (47,350 rows/s)
2026-08-25 07:17:01 [INFO] [reviews] Clothing_Shoes_and_Jewelry: 1,600,000 rows so far (47,502 rows/s)
2026-08-25 07:17:05 [INFO] [reviews] Clothing_Shoes_and_Jewelry: 1,800,000 rows so far (47,488 rows/s)
2026-08-25 07:17:09 [INFO] [reviews] Clothing_Shoes_and_Jewelry: 2,000,000 rows so far (47,560 rows/s)
2026-08-25 07:17:13 [INFO] [reviews] Clothing_Shoes_and_Jewelry: 2,200,000 rows so far (47,556 rows/s)
2026-08-25 07:17:18 [INFO] [reviews] Clothing_Shoes_and_Jewelry: 2,400,000 rows so far (47,669 rows/s)
2026-08-25 07:17:21 [INFO] [reviews] Clothing_Shoes_and_Jewelry: 2,600,000 rows so far (47,872 rows/s)
2026-08-25 07:17:26 [INFO] [reviews] Clothing_Shoes_and_Jewelry: 2,800,000 rows so far (47,974 rows/s)
2026-08-25 07:17:30 [INFO] [reviews] Clothing_Shoes_and_Jewelry: 3,000,000 rows so far (47,910 rows/s)
2026-08-25 07:17:34 [INFO] [reviews] Clothing_Shoes_and_Jewelry: 3,200,000 rows so far (47,979 rows/s)
2026-08-25 07:17:38 [INFO] [reviews] Clothing_Shoes_and_Jewelry: 3,400,000 rows so far (47,959 rows/s)
2026-08-25 07:17:42 [INFO] [reviews] Clothing_Shoes_and_Jewelry: 3,600,000 rows so far (48,007 rows/s)
2026-08-25 07:17:46 [INFO] [reviews] Clothing_Shoes_and_Jewelry: 3,800,000 rows so far (48,084 rows/s)
2026-08-25 07:17:50 [INFO] [reviews] Clothing_Shoes_and_Jewelry: 4,000,000 rows so far (48,094 rows/s)
2026-08-25 07:17:54 [INFO] [reviews] Clothing_Shoes_and_Jewelry: 4,200,000 rows so far (48,163 rows/s)
2026-08-25 07:17:59 [INFO] [reviews] Clothing_Shoes_and_Jewelry: 4,400,000 rows so far (48,158 rows/s)
2026-08-25 07:18:03 [INFO] [reviews] Clothing_Shoes_and_Jewelry: 4,600,000 rows so far (48,150 rows/s)
2026-08-25 07:18:07 [INFO] [reviews] Clothing_Shoes_and_Jewelry: 4,800,000 rows so far (48,162 rows/s)
2026-08-25 07:18:11 [INFO] [reviews] Clothing_Shoes_and_Jewelry: 5,000,000 rows so far (48,262 rows/s)
2026-08-25 07:18:15 [INFO] [reviews] Clothing_Shoes_and_Jewelry: 5,200,000 rows so far (48,312 rows/s)
2026-08-25 07:18:19 [INFO] [reviews] Clothing_Shoes_and_Jewelry: 5,400,000 rows so far (48,311 rows/s)
2026-08-25 07:18:23 [INFO] [reviews] Clothing_Shoes_and_Jewelry: 5,600,000 rows so far (48,387 rows/s)
2026-08-25 07:18:27 [INFO] [reviews] Clothing_Shoes_and_Jewelry: 5,800,000 rows so far (48,452 rows/s)
2026-08-25 07:18:31 [INFO] [reviews] Clothing_Shoes_and_Jewelry: 6,000,000 rows so far (48,446 rows/s)
2026-08-25 07:18:35 [INFO] [reviews] Clothing_Shoes_and_Jewelry: 6,200,000 rows so far (48,537 rows/s)
2026-08-25 07:18:39 [INFO] [reviews] Clothing_Shoes_and_Jewelry: 6,400,000 rows so far (48,613 rows/s)
2026-08-25 07:18:43 [INFO] [reviews] Clothing_Shoes_and_Jewelry: 6,600,000 rows so far (48,661 rows/s)
2026-08-25 07:18:47 [INFO] [reviews] Clothing_Shoes_and_Jewelry: 6,800,000 rows so far (48,715 rows/s)
2026-08-25 07:18:51 [INFO] [reviews] Clothing_Shoes_and_Jewelry: 7,000,000 rows so far (48,767 rows/s)
2026-08-25 07:18:55 [INFO] [reviews] Clothing_Shoes_and_Jewelry: 7,200,000 rows so far (48,864 rows/s)
2026-08-25 07:18:59 [INFO] [reviews] Clothing_Shoes_and_Jewelry: 7,400,000 rows so far (48,880 rows/s)
2026-08-25 07:19:03 [INFO] [reviews] Clothing_Shoes_and_Jewelry: 7,600,000 rows so far (48,893 rows/s)
2026-08-25 07:19:06 [INFO] [reviews] Clothing_Shoes_and_Jewelry: 7,800,000 rows so far (48,959 rows/s)
2026-08-25 07:19:11 [INFO] [reviews] Clothing_Shoes_and_Jewelry: 8,000,000 rows so far (48,976 rows/s)
2026-08-25 07:19:14 [INFO] [reviews] Clothing_Shoes_and_Jewelry: 8,200,000 rows so far (49,045 rows/s)
2026-08-25 07:19:18 [INFO] [reviews] Clothing_Shoes_and_Jewelry: 8,400,000 rows so far (49,103 rows/s)
2026-08-25 07:19:22 [INFO] [reviews] Clothing_Shoes_and_Jewelry: 8,600,000 rows so far (49,172 rows/s)
2026-08-25 07:19:26 [INFO] [reviews] Clothing_Shoes_and_Jewelry: 8,800,000 rows so far (49,226 rows/s)
2026-08-25 07:19:30 [INFO] [reviews] Clothing_Shoes_and_Jewelry: 9,000,000 rows so far (49,239 rows/s)
2026-08-25 07:19:34 [INFO] [reviews] Clothing_Shoes_and_Jewelry: 9,200,000 rows so far (49,274 rows/s)
2026-08-25 07:19:38 [INFO] [reviews] Clothing_Shoes_and_Jewelry: 9,400,000 rows so far (49,315 rows/s)
2026-08-25 07:19:42 [INFO] [reviews] Clothing_Shoes_and_Jewelry: 9,600,000 rows so far (49,299 rows/s)
2026-08-25 07:19:46 [INFO] [reviews] Clothing_Shoes_and_Jewelry: 9,800,000 rows so far (49,332 rows/s)
2026-08-25 07:19:50 [INFO] [reviews] Clothing_Shoes_and_Jewelry: 10,000,000 rows so far (49,364 rows/s)
2026-08-25 07:19:54 [INFO] [reviews] Clothing_Shoes_and_Jewelry: 10,200,000 rows so far (49,398 rows/s)
2026-08-25 07:19:58 [INFO] [reviews] Clothing_Shoes_and_Jewelry: 10,400,000 rows so far (49,420 rows/s)
2026-08-25 07:20:02 [INFO] [reviews] Clothing_Shoes_and_Jewelry: 10,600,000 rows so far (49,399 rows/s)
2026-08-25 07:20:06 [INFO] [reviews] Clothing_Shoes_and_Jewelry: 10,800,000 rows so far (49,415 rows/s)
2026-08-25 07:20:10 [INFO] [reviews] Clothing_Shoes_and_Jewelry: 11,000,000 rows so far (49,368 rows/s)
2026-08-25 07:20:14 [INFO] [reviews] Clothing_Shoes_and_Jewelry: 11,200,000 rows so far (49,343 rows/s)
2026-08-25 07:20:19 [INFO] [reviews] Clothing_Shoes_and_Jewelry: 11,400,000 rows so far (49,251 rows/s)
2026-08-25 07:20:23 [INFO] [reviews] Clothing_Shoes_and_Jewelry: 11,600,000 rows so far (49,181 rows/s)
2026-08-25 07:20:27 [INFO] [reviews] Clothing_Shoes_and_Jewelry: 11,800,000 rows so far (49,160 rows/s)
2026-08-25 07:20:31 [INFO] [reviews] Clothing_Shoes_and_Jewelry: 12,000,000 rows so far (49,122 rows/s)
2026-08-25 07:20:35 [INFO] [reviews] Clothing_Shoes_and_Jewelry: 12,200,000 rows so far (49,134 rows/s)
2026-08-25 07:20:39 [INFO] [reviews] Clothing_Shoes_and_Jewelry: 12,400,000 rows so far (49,154 rows/s)
2026-08-25 07:20:43 [INFO] [reviews] Clothing_Shoes_and_Jewelry: 12,600,000 rows so far (49,175 rows/s)
2026-08-25 07:20:47 [INFO] [reviews] Clothing_Shoes_and_Jewelry: 12,800,000 rows so far (49,217 rows/s)
2026-08-25 07:20:51 [INFO] [reviews] Clothing_Shoes_and_Jewelry: 13,000,000 rows so far (49,229 rows/s)
2026-08-25 07:20:55 [INFO] [reviews] Clothing_Shoes_and_Jewelry: 13,200,000 rows so far (49,252 rows/s)
2026-08-25 07:20:59 [INFO] [reviews] Clothing_Shoes_and_Jewelry: 13,400,000 rows so far (49,265 rows/s)
2026-08-25 07:21:03 [INFO] [reviews] Clothing_Shoes_and_Jewelry: 13,600,000 rows so far (49,310 rows/s)
2026-08-25 07:21:07 [INFO] [reviews] Clothing_Shoes_and_Jewelry: 13,800,000 rows so far (49,333 rows/s)
2026-08-25 07:21:11 [INFO] [reviews] Clothing_Shoes_and_Jewelry: 14,000,000 rows so far (49,341 rows/s)
2026-08-25 07:21:15 [INFO] [reviews] Clothing_Shoes_and_Jewelry: 14,200,000 rows so far (49,371 rows/s)
2026-08-25 07:21:19 [INFO] [reviews] Clothing_Shoes_and_Jewelry: 14,400,000 rows so far (49,375 rows/s)
2026-08-25 07:21:23 [INFO] [reviews] Clothing_Shoes_and_Jewelry: 14,600,000 rows so far (49,363 rows/s)
2026-08-25 07:21:27 [INFO] [reviews] Clothing_Shoes_and_Jewelry: 14,800,000 rows so far (49,337 rows/s)
2026-08-25 07:21:31 [INFO] [reviews] Clothing_Shoes_and_Jewelry: 15,000,000 rows so far (49,310 rows/s)
2026-08-25 07:21:35 [INFO] [reviews] Clothing_Shoes_and_Jewelry: 15,200,000 rows so far (49,304 rows/s)
2026-08-25 07:21:40 [INFO] [reviews] Clothing_Shoes_and_Jewelry: 15,400,000 rows so far (49,304 rows/s)
2026-08-25 07:21:44 [INFO] [reviews] Clothing_Shoes_and_Jewelry: 15,600,000 rows so far (49,313 rows/s)
2026-08-25 07:21:47 [INFO] [reviews] Clothing_Shoes_and_Jewelry: 15,800,000 rows so far (49,349 rows/s)
2026-08-25 07:21:51 [INFO] [reviews] Clothing_Shoes_and_Jewelry: 16,000,000 rows so far (49,363 rows/s)
2026-08-25 07:21:55 [INFO] [reviews] Clothing_Shoes_and_Jewelry: 16,200,000 rows so far (49,376 rows/s)
2026-08-25 07:21:59 [INFO] [reviews] Clothing_Shoes_and_Jewelry: 16,400,000 rows so far (49,379 rows/s)
2026-08-25 07:22:03 [INFO] [reviews] Clothing_Shoes_and_Jewelry: 16,600,000 rows so far (49,386 rows/s)
2026-08-25 07:22:07 [INFO] [reviews] Clothing_Shoes_and_Jewelry: 16,800,000 rows so far (49,407 rows/s)
2026-08-25 07:22:11 [INFO] [reviews] Clothing_Shoes_and_Jewelry: 17,000,000 rows so far (49,403 rows/s)
2026-08-25 07:22:15 [INFO] [reviews] Clothing_Shoes_and_Jewelry: 17,200,000 rows so far (49,407 rows/s)
2026-08-25 07:22:19 [INFO] [reviews] Clothing_Shoes_and_Jewelry: 17,400,000 rows so far (49,415 rows/s)
2026-08-25 07:22:23 [INFO] [reviews] Clothing_Shoes_and_Jewelry: 17,600,000 rows so far (49,419 rows/s)
2026-08-25 07:22:27 [INFO] [reviews] Clothing_Shoes_and_Jewelry: 17,800,000 rows so far (49,429 rows/s)
2026-08-25 07:22:31 [INFO] [reviews] Clothing_Shoes_and_Jewelry: 18,000,000 rows so far (49,455 rows/s)
2026-08-25 07:22:35 [INFO] [reviews] Clothing_Shoes_and_Jewelry: 18,200,000 rows so far (49,481 rows/s)
2026-08-25 07:22:39 [INFO] [reviews] Clothing_Shoes_and_Jewelry: 18,400,000 rows so far (49,505 rows/s)
2026-08-25 07:22:43 [INFO] [reviews] Clothing_Shoes_and_Jewelry: 18,600,000 rows so far (49,531 rows/s)
2026-08-25 07:22:47 [INFO] [reviews] Clothing_Shoes_and_Jewelry: 18,800,000 rows so far (49,549 rows/s)
2026-08-25 07:22:51 [INFO] [reviews] Clothing_Shoes_and_Jewelry: 19,000,000 rows so far (49,547 rows/s)
2026-08-25 07:22:55 [INFO] [reviews] Clothing_Shoes_and_Jewelry: 19,200,000 rows so far (49,535 rows/s)
2026-08-25 07:22:59 [INFO] [reviews] Clothing_Shoes_and_Jewelry: 19,400,000 rows so far (49,504 rows/s)
2026-08-25 07:23:03 [INFO] [reviews] Clothing_Shoes_and_Jewelry: 19,600,000 rows so far (49,484 rows/s)
2026-08-25 07:23:07 [INFO] [reviews] Clothing_Shoes_and_Jewelry: 19,800,000 rows so far (49,481 rows/s)
2026-08-25 07:23:11 [INFO] [reviews] Clothing_Shoes_and_Jewelry: 20,000,000 rows so far (49,480 rows/s)
2026-08-25 07:23:15 [INFO] [reviews] Clothing_Shoes_and_Jewelry: 20,200,000 rows so far (49,481 rows/s)
2026-08-25 07:23:19 [INFO] [reviews] Clothing_Shoes_and_Jewelry: 20,400,000 rows so far (49,498 rows/s)
2026-08-25 07:23:23 [INFO] [reviews] Clothing_Shoes_and_Jewelry: 20,600,000 rows so far (49,513 rows/s)
2026-08-25 07:23:27 [INFO] [reviews] Clothing_Shoes_and_Jewelry: 20,800,000 rows so far (49,511 rows/s)
2026-08-25 07:23:32 [INFO] [reviews] Clothing_Shoes_and_Jewelry: 21,000,000 rows so far (49,469 rows/s)
2026-08-25 07:23:36 [INFO] [reviews] Clothing_Shoes_and_Jewelry: 21,200,000 rows so far (49,481 rows/s)
2026-08-25 07:23:40 [INFO] [reviews] Clothing_Shoes_and_Jewelry: 21,400,000 rows so far (49,482 rows/s)
2026-08-25 07:23:44 [INFO] [reviews] Clothing_Shoes_and_Jewelry: 21,600,000 rows so far (49,488 rows/s)
2026-08-25 07:23:48 [INFO] [reviews] Clothing_Shoes_and_Jewelry: 21,800,000 rows so far (49,487 rows/s)
2026-08-25 07:23:52 [INFO] [reviews] Clothing_Shoes_and_Jewelry: 22,000,000 rows so far (49,497 rows/s)
2026-08-25 07:23:56 [INFO] [reviews] Clothing_Shoes_and_Jewelry: 22,200,000 rows so far (49,511 rows/s)
2026-08-25 07:24:00 [INFO] [reviews] Clothing_Shoes_and_Jewelry: 22,400,000 rows so far (49,503 rows/s)
2026-08-25 07:24:04 [INFO] [reviews] Clothing_Shoes_and_Jewelry: 22,600,000 rows so far (49,509 rows/s)
2026-08-25 07:24:08 [INFO] [reviews] Clothing_Shoes_and_Jewelry: 22,800,000 rows so far (49,514 rows/s)
2026-08-25 07:24:12 [INFO] [reviews] Clothing_Shoes_and_Jewelry: 23,000,000 rows so far (49,517 rows/s)
2026-08-25 07:24:16 [INFO] [reviews] Clothing_Shoes_and_Jewelry: 23,200,000 rows so far (49,513 rows/s)
2026-08-25 07:24:20 [INFO] [reviews] Clothing_Shoes_and_Jewelry: 23,400,000 rows so far (49,514 rows/s)
2026-08-25 07:24:24 [INFO] [reviews] Clothing_Shoes_and_Jewelry: 23,600,000 rows so far (49,515 rows/s)
2026-08-25 07:24:28 [INFO] [reviews] Clothing_Shoes_and_Jewelry: 23,800,000 rows so far (49,511 rows/s)
2026-08-25 07:24:32 [INFO] [reviews] Clothing_Shoes_and_Jewelry: 24,000,000 rows so far (49,512 rows/s)
2026-08-25 07:24:36 [INFO] [reviews] Clothing_Shoes_and_Jewelry: 24,200,000 rows so far (49,516 rows/s)
2026-08-25 07:24:40 [INFO] [reviews] Clothing_Shoes_and_Jewelry: 24,400,000 rows so far (49,521 rows/s)
2026-08-25 07:24:44 [INFO] [reviews] Clothing_Shoes_and_Jewelry: 24,600,000 rows so far (49,527 rows/s)
2026-08-25 07:24:48 [INFO] [reviews] Clothing_Shoes_and_Jewelry: 24,800,000 rows so far (49,526 rows/s)
2026-08-25 07:24:52 [INFO] [reviews] Clothing_Shoes_and_Jewelry: 25,000,000 rows so far (49,516 rows/s)
2026-08-25 07:24:56 [INFO] [reviews] Clothing_Shoes_and_Jewelry: 25,200,000 rows so far (49,516 rows/s)
2026-08-25 07:25:00 [INFO] [reviews] Clothing_Shoes_and_Jewelry: 25,400,000 rows so far (49,518 rows/s)
2026-08-25 07:25:04 [INFO] [reviews] Clothing_Shoes_and_Jewelry: 25,600,000 rows so far (49,498 rows/s)
2026-08-25 07:25:08 [INFO] [reviews] Clothing_Shoes_and_Jewelry: 25,800,000 rows so far (49,496 rows/s)
2026-08-25 07:25:12 [INFO] [reviews] Clothing_Shoes_and_Jewelry: 26,000,000 rows so far (49,501 rows/s)
2026-08-25 07:25:16 [INFO] [reviews] Clothing_Shoes_and_Jewelry: 26,200,000 rows so far (49,506 rows/s)
2026-08-25 07:25:20 [INFO] [reviews] Clothing_Shoes_and_Jewelry: 26,400,000 rows so far (49,520 rows/s)
2026-08-25 07:25:24 [INFO] [reviews] Clothing_Shoes_and_Jewelry: 26,600,000 rows so far (49,546 rows/s)
2026-08-25 07:25:28 [INFO] [reviews] Clothing_Shoes_and_Jewelry: 26,800,000 rows so far (49,551 rows/s)
2026-08-25 07:25:32 [INFO] [reviews] Clothing_Shoes_and_Jewelry: 27,000,000 rows so far (49,558 rows/s)
2026-08-25 07:25:36 [INFO] [reviews] Clothing_Shoes_and_Jewelry: 27,200,000 rows so far (49,571 rows/s)
2026-08-25 07:25:40 [INFO] [reviews] Clothing_Shoes_and_Jewelry: 27,400,000 rows so far (49,583 rows/s)
2026-08-25 07:25:44 [INFO] [reviews] Clothing_Shoes_and_Jewelry: 27,600,000 rows so far (49,595 rows/s)
2026-08-25 07:25:48 [INFO] [reviews] Clothing_Shoes_and_Jewelry: 27,800,000 rows so far (49,598 rows/s)
2026-08-25 07:25:52 [INFO] [reviews] Clothing_Shoes_and_Jewelry: 28,000,000 rows so far (49,610 rows/s)
2026-08-25 07:25:55 [INFO] [reviews] Clothing_Shoes_and_Jewelry: 28,200,000 rows so far (49,626 rows/s)
2026-08-25 07:25:59 [INFO] [reviews] Clothing_Shoes_and_Jewelry: 28,400,000 rows so far (49,632 rows/s)
2026-08-25 07:26:03 [INFO] [reviews] Clothing_Shoes_and_Jewelry: 28,600,000 rows so far (49,639 rows/s)
2026-08-25 07:26:07 [INFO] [reviews] Clothing_Shoes_and_Jewelry: 28,800,000 rows so far (49,652 rows/s)
2026-08-25 07:26:11 [INFO] [reviews] Clothing_Shoes_and_Jewelry: 29,000,000 rows so far (49,667 rows/s)
2026-08-25 07:26:15 [INFO] [reviews] Clothing_Shoes_and_Jewelry: 29,200,000 rows so far (49,680 rows/s)
2026-08-25 07:26:19 [INFO] [reviews] Clothing_Shoes_and_Jewelry: 29,400,000 rows so far (49,695 rows/s)
2026-08-25 07:26:23 [INFO] [reviews] Clothing_Shoes_and_Jewelry: 29,600,000 rows so far (49,711 rows/s)
2026-08-25 07:26:27 [INFO] [reviews] Clothing_Shoes_and_Jewelry: 29,800,000 rows so far (49,718 rows/s)
2026-08-25 07:26:30 [INFO] [reviews] Clothing_Shoes_and_Jewelry: 30,000,000 rows so far (49,730 rows/s)
2026-08-25 07:26:34 [INFO] [reviews] Clothing_Shoes_and_Jewelry: 30,200,000 rows so far (49,745 rows/s)
2026-08-25 07:26:38 [INFO] [reviews] Clothing_Shoes_and_Jewelry: 30,400,000 rows so far (49,754 rows/s)
2026-08-25 07:26:42 [INFO] [reviews] Clothing_Shoes_and_Jewelry: 30,600,000 rows so far (49,764 rows/s)
2026-08-25 07:26:46 [INFO] [reviews] Clothing_Shoes_and_Jewelry: 30,800,000 rows so far (49,777 rows/s)
2026-08-25 07:26:50 [INFO] [reviews] Clothing_Shoes_and_Jewelry: 31,000,000 rows so far (49,774 rows/s)
2026-08-25 07:26:54 [INFO] [reviews] Clothing_Shoes_and_Jewelry: 31,200,000 rows so far (49,767 rows/s)
2026-08-25 07:26:58 [INFO] [reviews] Clothing_Shoes_and_Jewelry: 31,400,000 rows so far (49,771 rows/s)
2026-08-25 07:27:02 [INFO] [reviews] Clothing_Shoes_and_Jewelry: 31,600,000 rows so far (49,774 rows/s)
2026-08-25 07:27:06 [INFO] [reviews] Clothing_Shoes_and_Jewelry: 31,800,000 rows so far (49,767 rows/s)
2026-08-25 07:27:11 [INFO] [reviews] Clothing_Shoes_and_Jewelry: 32,000,000 rows so far (49,740 rows/s)
2026-08-25 07:27:15 [INFO] [reviews] Clothing_Shoes_and_Jewelry: 32,200,000 rows so far (49,727 rows/s)
2026-08-25 07:27:19 [INFO] [reviews] Clothing_Shoes_and_Jewelry: 32,400,000 rows so far (49,734 rows/s)
2026-08-25 07:27:23 [INFO] [reviews] Clothing_Shoes_and_Jewelry: 32,600,000 rows so far (49,740 rows/s)
2026-08-25 07:27:27 [INFO] [reviews] Clothing_Shoes_and_Jewelry: 32,800,000 rows so far (49,741 rows/s)
2026-08-25 07:27:31 [INFO] [reviews] Clothing_Shoes_and_Jewelry: 33,000,000 rows so far (49,742 rows/s)
2026-08-25 07:27:35 [INFO] [reviews] Clothing_Shoes_and_Jewelry: 33,200,000 rows so far (49,747 rows/s)
2026-08-25 07:27:38 [INFO] [reviews] Clothing_Shoes_and_Jewelry: 33,400,000 rows so far (49,753 rows/s)
2026-08-25 07:27:42 [INFO] [reviews] Clothing_Shoes_and_Jewelry: 33,600,000 rows so far (49,756 rows/s)
2026-08-25 07:27:47 [INFO] [reviews] Clothing_Shoes_and_Jewelry: 33,800,000 rows so far (49,755 rows/s)
2026-08-25 07:27:51 [INFO] [reviews] Clothing_Shoes_and_Jewelry: 34,000,000 rows so far (49,752 rows/s)
2026-08-25 07:27:55 [INFO] [reviews] Clothing_Shoes_and_Jewelry: 34,200,000 rows so far (49,750 rows/s)
2026-08-25 07:27:59 [INFO] [reviews] Clothing_Shoes_and_Jewelry: 34,400,000 rows so far (49,736 rows/s)
2026-08-25 07:28:03 [INFO] [reviews] Clothing_Shoes_and_Jewelry: 34,600,000 rows so far (49,729 rows/s)
2026-08-25 07:28:07 [INFO] [reviews] Clothing_Shoes_and_Jewelry: 34,800,000 rows so far (49,733 rows/s)
2026-08-25 07:28:11 [INFO] [reviews] Clothing_Shoes_and_Jewelry: 35,000,000 rows so far (49,741 rows/s)
2026-08-25 07:28:15 [INFO] [reviews] Clothing_Shoes_and_Jewelry: 35,200,000 rows so far (49,745 rows/s)
2026-08-25 07:28:19 [INFO] [reviews] Clothing_Shoes_and_Jewelry: 35,400,000 rows so far (49,750 rows/s)
2026-08-25 07:28:23 [INFO] [reviews] Clothing_Shoes_and_Jewelry: 35,600,000 rows so far (49,755 rows/s)
2026-08-25 07:28:27 [INFO] [reviews] Clothing_Shoes_and_Jewelry: 35,800,000 rows so far (49,759 rows/s)
2026-08-25 07:28:31 [INFO] [reviews] Clothing_Shoes_and_Jewelry: 36,000,000 rows so far (49,760 rows/s)
2026-08-25 07:28:35 [INFO] [reviews] Clothing_Shoes_and_Jewelry: 36,200,000 rows so far (49,770 rows/s)
2026-08-25 07:28:38 [INFO] [reviews] Clothing_Shoes_and_Jewelry: 36,400,000 rows so far (49,777 rows/s)
2026-08-25 07:28:42 [INFO] [reviews] Clothing_Shoes_and_Jewelry: 36,600,000 rows so far (49,780 rows/s)
2026-08-25 07:28:46 [INFO] [reviews] Clothing_Shoes_and_Jewelry: 36,800,000 rows so far (49,790 rows/s)
2026-08-25 07:28:50 [INFO] [reviews] Clothing_Shoes_and_Jewelry: 37,000,000 rows so far (49,801 rows/s)
2026-08-25 07:28:54 [INFO] [reviews] Clothing_Shoes_and_Jewelry: 37,200,000 rows so far (49,814 rows/s)
2026-08-25 07:28:58 [INFO] [reviews] Clothing_Shoes_and_Jewelry: 37,400,000 rows so far (49,823 rows/s)
2026-08-25 07:29:02 [INFO] [reviews] Clothing_Shoes_and_Jewelry: 37,600,000 rows so far (49,831 rows/s)
2026-08-25 07:29:06 [INFO] [reviews] Clothing_Shoes_and_Jewelry: 37,800,000 rows so far (49,832 rows/s)
2026-08-25 07:29:10 [INFO] [reviews] Clothing_Shoes_and_Jewelry: 38,000,000 rows so far (49,817 rows/s)
2026-08-25 07:29:14 [INFO] [reviews] Clothing_Shoes_and_Jewelry: 38,200,000 rows so far (49,811 rows/s)
2026-08-25 07:29:18 [INFO] [reviews] Clothing_Shoes_and_Jewelry: 38,400,000 rows so far (49,809 rows/s)
2026-08-25 07:29:22 [INFO] [reviews] Clothing_Shoes_and_Jewelry: 38,600,000 rows so far (49,803 rows/s)
2026-08-25 07:29:26 [INFO] [reviews] Clothing_Shoes_and_Jewelry: 38,800,000 rows so far (49,806 rows/s)
2026-08-25 07:29:30 [INFO] [reviews] Clothing_Shoes_and_Jewelry: 39,000,000 rows so far (49,812 rows/s)
2026-08-25 07:29:34 [INFO] [reviews] Clothing_Shoes_and_Jewelry: 39,200,000 rows so far (49,819 rows/s)
2026-08-25 07:29:38 [INFO] [reviews] Clothing_Shoes_and_Jewelry: 39,400,000 rows so far (49,827 rows/s)
2026-08-25 07:29:42 [INFO] [reviews] Clothing_Shoes_and_Jewelry: 39,600,000 rows so far (49,832 rows/s)
2026-08-25 07:29:46 [INFO] [reviews] Clothing_Shoes_and_Jewelry: 39,800,000 rows so far (49,833 rows/s)
2026-08-25 07:29:50 [INFO] [reviews] Clothing_Shoes_and_Jewelry: 40,000,000 rows so far (49,829 rows/s)
2026-08-25 07:29:54 [INFO] [reviews] Clothing_Shoes_and_Jewelry: 40,200,000 rows so far (49,820 rows/s)
2026-08-25 07:29:58 [INFO] [reviews] Clothing_Shoes_and_Jewelry: 40,400,000 rows so far (49,810 rows/s)
2026-08-25 07:30:03 [INFO] [reviews] Clothing_Shoes_and_Jewelry: 40,600,000 rows so far (49,796 rows/s)
2026-08-25 07:30:07 [INFO] [reviews] Clothing_Shoes_and_Jewelry: 40,800,000 rows so far (49,773 rows/s)
2026-08-25 07:30:11 [INFO] [reviews] Clothing_Shoes_and_Jewelry: 41,000,000 rows so far (49,753 rows/s)
2026-08-25 07:30:15 [INFO] [reviews] Clothing_Shoes_and_Jewelry: 41,200,000 rows so far (49,740 rows/s)
2026-08-25 07:30:20 [INFO] [reviews] Clothing_Shoes_and_Jewelry: 41,400,000 rows so far (49,721 rows/s)
2026-08-25 07:30:27 [INFO] [reviews] Clothing_Shoes_and_Jewelry: 41,600,000 rows so far (49,507 rows/s)
2026-08-25 07:30:32 [INFO] [reviews] Clothing_Shoes_and_Jewelry: 41,800,000 rows so far (49,460 rows/s)
2026-08-25 07:30:36 [INFO] [reviews] Clothing_Shoes_and_Jewelry: 42,000,000 rows so far (49,469 rows/s)
2026-08-25 07:30:40 [INFO] [reviews] Clothing_Shoes_and_Jewelry: 42,200,000 rows so far (49,472 rows/s)
2026-08-25 07:30:44 [INFO] [reviews] Clothing_Shoes_and_Jewelry: 42,400,000 rows so far (49,485 rows/s)
2026-08-25 07:30:48 [INFO] [reviews] Clothing_Shoes_and_Jewelry: 42,600,000 rows so far (49,487 rows/s)
2026-08-25 07:30:52 [INFO] [reviews] Clothing_Shoes_and_Jewelry: 42,800,000 rows so far (49,492 rows/s)
2026-08-25 07:30:56 [INFO] [reviews] Clothing_Shoes_and_Jewelry: 43,000,000 rows so far (49,497 rows/s)
2026-08-25 07:31:00 [INFO] [reviews] Clothing_Shoes_and_Jewelry: 43,200,000 rows so far (49,496 rows/s)
2026-08-25 07:31:04 [INFO] [reviews] Clothing_Shoes_and_Jewelry: 43,400,000 rows so far (49,493 rows/s)
2026-08-25 07:31:08 [INFO] [reviews] Clothing_Shoes_and_Jewelry: 43,600,000 rows so far (49,493 rows/s)
2026-08-25 07:31:12 [INFO] [reviews] Clothing_Shoes_and_Jewelry: 43,800,000 rows so far (49,499 rows/s)
2026-08-25 07:31:16 [INFO] [reviews] Clothing_Shoes_and_Jewelry: 44,000,000 rows so far (49,501 rows/s)
2026-08-25 07:31:20 [INFO] [reviews] Clothing_Shoes_and_Jewelry: 44,200,000 rows so far (49,503 rows/s)
2026-08-25 07:31:24 [INFO] [reviews] Clothing_Shoes_and_Jewelry: 44,400,000 rows so far (49,516 rows/s)
2026-08-25 07:31:28 [INFO] [reviews] Clothing_Shoes_and_Jewelry: 44,600,000 rows so far (49,520 rows/s)
2026-08-25 07:31:32 [INFO] [reviews] Clothing_Shoes_and_Jewelry: 44,800,000 rows so far (49,529 rows/s)
2026-08-25 07:31:36 [INFO] [reviews] Clothing_Shoes_and_Jewelry: 45,000,000 rows so far (49,540 rows/s)
2026-08-25 07:31:39 [INFO] [reviews] Clothing_Shoes_and_Jewelry: 45,200,000 rows so far (49,544 rows/s)
2026-08-25 07:31:43 [INFO] [reviews] Clothing_Shoes_and_Jewelry: 45,400,000 rows so far (49,549 rows/s)
2026-08-25 07:31:47 [INFO] [reviews] Clothing_Shoes_and_Jewelry: 45,600,000 rows so far (49,553 rows/s)
2026-08-25 07:31:51 [INFO] [reviews] Clothing_Shoes_and_Jewelry: 45,800,000 rows so far (49,556 rows/s)
2026-08-25 07:31:55 [INFO] [reviews] Clothing_Shoes_and_Jewelry: 46,000,000 rows so far (49,557 rows/s)
2026-08-25 07:31:59 [INFO] [reviews] Clothing_Shoes_and_Jewelry: 46,200,000 rows so far (49,556 rows/s)
2026-08-25 07:32:03 [INFO] [reviews] Clothing_Shoes_and_Jewelry: 46,400,000 rows so far (49,558 rows/s)
2026-08-25 07:32:07 [INFO] [reviews] Clothing_Shoes_and_Jewelry: 46,600,000 rows so far (49,563 rows/s)
2026-08-25 07:32:11 [INFO] [reviews] Clothing_Shoes_and_Jewelry: 46,800,000 rows so far (49,561 rows/s)
2026-08-25 07:32:15 [INFO] [reviews] Clothing_Shoes_and_Jewelry: 47,000,000 rows so far (49,567 rows/s)
2026-08-25 07:32:19 [INFO] [reviews] Clothing_Shoes_and_Jewelry: 47,200,000 rows so far (49,567 rows/s)
2026-08-25 07:32:23 [INFO] [reviews] Clothing_Shoes_and_Jewelry: 47,400,000 rows so far (49,575 rows/s)
2026-08-25 07:32:28 [INFO] [reviews] Clothing_Shoes_and_Jewelry: 47,600,000 rows so far (49,556 rows/s)
2026-08-25 07:32:32 [INFO] [reviews] Clothing_Shoes_and_Jewelry: 47,800,000 rows so far (49,559 rows/s)
2026-08-25 07:32:36 [INFO] [reviews] Clothing_Shoes_and_Jewelry: 48,000,000 rows so far (49,565 rows/s)
2026-08-25 07:32:40 [INFO] [reviews] Clothing_Shoes_and_Jewelry: 48,200,000 rows so far (49,571 rows/s)
2026-08-25 07:32:43 [INFO] [reviews] Clothing_Shoes_and_Jewelry: 48,400,000 rows so far (49,578 rows/s)
2026-08-25 07:32:47 [INFO] [reviews] Clothing_Shoes_and_Jewelry: 48,600,000 rows so far (49,588 rows/s)
2026-08-25 07:32:51 [INFO] [reviews] Clothing_Shoes_and_Jewelry: 48,800,000 rows so far (49,595 rows/s)
2026-08-25 07:32:55 [INFO] [reviews] Clothing_Shoes_and_Jewelry: 49,000,000 rows so far (49,602 rows/s)
2026-08-25 07:32:59 [INFO] [reviews] Clothing_Shoes_and_Jewelry: 49,200,000 rows so far (49,607 rows/s)
2026-08-25 07:33:03 [INFO] [reviews] Clothing_Shoes_and_Jewelry: 49,400,000 rows so far (49,611 rows/s)
2026-08-25 07:33:07 [INFO] [reviews] Clothing_Shoes_and_Jewelry: 49,600,000 rows so far (49,612 rows/s)
2026-08-25 07:33:11 [INFO] [reviews] Clothing_Shoes_and_Jewelry: 49,800,000 rows so far (49,611 rows/s)
2026-08-25 07:33:15 [INFO] [reviews] Clothing_Shoes_and_Jewelry: 50,000,000 rows so far (49,616 rows/s)
2026-08-25 07:33:19 [INFO] [reviews] Clothing_Shoes_and_Jewelry: 50,200,000 rows so far (49,612 rows/s)
2026-08-25 07:33:23 [INFO] [reviews] Clothing_Shoes_and_Jewelry: 50,400,000 rows so far (49,616 rows/s)
2026-08-25 07:33:27 [INFO] [reviews] Clothing_Shoes_and_Jewelry: 50,600,000 rows so far (49,617 rows/s)
2026-08-25 07:33:31 [INFO] [reviews] Clothing_Shoes_and_Jewelry: 50,800,000 rows so far (49,618 rows/s)
2026-08-25 07:33:35 [INFO] [reviews] Clothing_Shoes_and_Jewelry: 51,000,000 rows so far (49,625 rows/s)
2026-08-25 07:33:39 [INFO] [reviews] Clothing_Shoes_and_Jewelry: 51,200,000 rows so far (49,627 rows/s)
2026-08-25 07:33:43 [INFO] [reviews] Clothing_Shoes_and_Jewelry: 51,400,000 rows so far (49,634 rows/s)
2026-08-25 07:33:47 [INFO] [reviews] Clothing_Shoes_and_Jewelry: 51,600,000 rows so far (49,645 rows/s)
2026-08-25 07:33:50 [INFO] [reviews] Clothing_Shoes_and_Jewelry: 51,800,000 rows so far (49,649 rows/s)
2026-08-25 07:33:54 [INFO] [reviews] Clothing_Shoes_and_Jewelry: 52,000,000 rows so far (49,652 rows/s)
2026-08-25 07:33:59 [INFO] [reviews] Clothing_Shoes_and_Jewelry: 52,200,000 rows so far (49,650 rows/s)
2026-08-25 07:34:03 [INFO] [reviews] Clothing_Shoes_and_Jewelry: 52,400,000 rows so far (49,644 rows/s)
2026-08-25 07:34:07 [INFO] [reviews] Clothing_Shoes_and_Jewelry: 52,600,000 rows so far (49,643 rows/s)
2026-08-25 07:34:11 [INFO] [reviews] Clothing_Shoes_and_Jewelry: 52,800,000 rows so far (49,645 rows/s)
2026-08-25 07:34:15 [INFO] [reviews] Clothing_Shoes_and_Jewelry: 53,000,000 rows so far (49,646 rows/s)
2026-08-25 07:34:19 [INFO] [reviews] Clothing_Shoes_and_Jewelry: 53,200,000 rows so far (49,646 rows/s)
2026-08-25 07:34:23 [INFO] [reviews] Clothing_Shoes_and_Jewelry: 53,400,000 rows so far (49,647 rows/s)
2026-08-25 07:34:27 [INFO] [reviews] Clothing_Shoes_and_Jewelry: 53,600,000 rows so far (49,647 rows/s)
2026-08-25 07:34:31 [INFO] [reviews] Clothing_Shoes_and_Jewelry: 53,800,000 rows so far (49,645 rows/s)
2026-08-25 07:34:35 [INFO] [reviews] Clothing_Shoes_and_Jewelry: 54,000,000 rows so far (49,653 rows/s)
2026-08-25 07:34:39 [INFO] [reviews] Clothing_Shoes_and_Jewelry: 54,200,000 rows so far (49,660 rows/s)
2026-08-25 07:34:42 [INFO] [reviews] Clothing_Shoes_and_Jewelry: 54,400,000 rows so far (49,669 rows/s)
2026-08-25 07:34:46 [INFO] [reviews] Clothing_Shoes_and_Jewelry: 54,600,000 rows so far (49,674 rows/s)
2026-08-25 07:34:50 [INFO] [reviews] Clothing_Shoes_and_Jewelry: 54,800,000 rows so far (49,680 rows/s)
2026-08-25 07:34:54 [INFO] [reviews] Clothing_Shoes_and_Jewelry: 55,000,000 rows so far (49,683 rows/s)
2026-08-25 07:34:58 [INFO] [reviews] Clothing_Shoes_and_Jewelry: 55,200,000 rows so far (49,688 rows/s)
2026-08-25 07:35:02 [INFO] [reviews] Clothing_Shoes_and_Jewelry: 55,400,000 rows so far (49,692 rows/s)
2026-08-25 07:35:06 [INFO] [reviews] Clothing_Shoes_and_Jewelry: 55,600,000 rows so far (49,695 rows/s)
2026-08-25 07:35:10 [INFO] [reviews] Clothing_Shoes_and_Jewelry: 55,800,000 rows so far (49,696 rows/s)
2026-08-25 07:35:14 [INFO] [reviews] Clothing_Shoes_and_Jewelry: 56,000,000 rows so far (49,702 rows/s)
2026-08-25 07:35:18 [INFO] [reviews] Clothing_Shoes_and_Jewelry: 56,200,000 rows so far (49,705 rows/s)
2026-08-25 07:35:22 [INFO] [reviews] Clothing_Shoes_and_Jewelry: 56,400,000 rows so far (49,708 rows/s)
2026-08-25 07:35:26 [INFO] [reviews] Clothing_Shoes_and_Jewelry: 56,600,000 rows so far (49,712 rows/s)
2026-08-25 07:35:30 [INFO] [reviews] Clothing_Shoes_and_Jewelry: 56,800,000 rows so far (49,715 rows/s)
2026-08-25 07:35:34 [INFO] [reviews] Clothing_Shoes_and_Jewelry: 57,000,000 rows so far (49,723 rows/s)
2026-08-25 07:35:37 [INFO] [reviews] Clothing_Shoes_and_Jewelry: 57,200,000 rows so far (49,726 rows/s)
2026-08-25 07:35:41 [INFO] [reviews] Clothing_Shoes_and_Jewelry: 57,400,000 rows so far (49,730 rows/s)
2026-08-25 07:35:45 [INFO] [reviews] Clothing_Shoes_and_Jewelry: 57,600,000 rows so far (49,735 rows/s)
2026-08-25 07:35:49 [INFO] [reviews] Clothing_Shoes_and_Jewelry: 57,800,000 rows so far (49,736 rows/s)
2026-08-25 07:35:53 [INFO] [reviews] Clothing_Shoes_and_Jewelry: 58,000,000 rows so far (49,738 rows/s)
2026-08-25 07:35:57 [INFO] [reviews] Clothing_Shoes_and_Jewelry: 58,200,000 rows so far (49,738 rows/s)
2026-08-25 07:36:01 [INFO] [reviews] Clothing_Shoes_and_Jewelry: 58,400,000 rows so far (49,742 rows/s)
2026-08-25 07:36:05 [INFO] [reviews] Clothing_Shoes_and_Jewelry: 58,600,000 rows so far (49,750 rows/s)
2026-08-25 07:36:09 [INFO] [reviews] Clothing_Shoes_and_Jewelry: 58,800,000 rows so far (49,755 rows/s)
2026-08-25 07:36:13 [INFO] [reviews] Clothing_Shoes_and_Jewelry: 59,000,000 rows so far (49,760 rows/s)
2026-08-25 07:36:17 [INFO] [reviews] Clothing_Shoes_and_Jewelry: 59,200,000 rows so far (49,764 rows/s)
2026-08-25 07:36:21 [INFO] [reviews] Clothing_Shoes_and_Jewelry: 59,400,000 rows so far (49,770 rows/s)
2026-08-25 07:36:25 [INFO] [reviews] Clothing_Shoes_and_Jewelry: 59,600,000 rows so far (49,771 rows/s)
2026-08-25 07:36:29 [INFO] [reviews] Clothing_Shoes_and_Jewelry: 59,800,000 rows so far (49,771 rows/s)
2026-08-25 07:36:33 [INFO] [reviews] Clothing_Shoes_and_Jewelry: 60,000,000 rows so far (49,774 rows/s)
2026-08-25 07:36:36 [INFO] [reviews] Clothing_Shoes_and_Jewelry: 60,200,000 rows so far (49,782 rows/s)
2026-08-25 07:36:40 [INFO] [reviews] Clothing_Shoes_and_Jewelry: 60,400,000 rows so far (49,786 rows/s)
2026-08-25 07:36:44 [INFO] [reviews] Clothing_Shoes_and_Jewelry: 60,600,000 rows so far (49,789 rows/s)
2026-08-25 07:36:48 [INFO] [reviews] Clothing_Shoes_and_Jewelry: 60,800,000 rows so far (49,792 rows/s)
2026-08-25 07:36:52 [INFO] [reviews] Clothing_Shoes_and_Jewelry: 61,000,000 rows so far (49,796 rows/s)
2026-08-25 07:36:56 [INFO] [reviews] Clothing_Shoes_and_Jewelry: 61,200,000 rows so far (49,805 rows/s)
2026-08-25 07:37:00 [INFO] [reviews] Clothing_Shoes_and_Jewelry: 61,400,000 rows so far (49,811 rows/s)
2026-08-25 07:37:04 [INFO] [reviews] Clothing_Shoes_and_Jewelry: 61,600,000 rows so far (49,813 rows/s)
2026-08-25 07:37:08 [INFO] [reviews] Clothing_Shoes_and_Jewelry: 61,800,000 rows so far (49,818 rows/s)
2026-08-25 07:37:12 [INFO] [reviews] Clothing_Shoes_and_Jewelry: 62,000,000 rows so far (49,821 rows/s)
2026-08-25 07:37:15 [INFO] [reviews] Clothing_Shoes_and_Jewelry: 62,200,000 rows so far (49,829 rows/s)
2026-08-25 07:37:19 [INFO] [reviews] Clothing_Shoes_and_Jewelry: 62,400,000 rows so far (49,833 rows/s)
2026-08-25 07:37:23 [INFO] [reviews] Clothing_Shoes_and_Jewelry: 62,600,000 rows so far (49,835 rows/s)
2026-08-25 07:37:27 [INFO] [reviews] Clothing_Shoes_and_Jewelry: 62,800,000 rows so far (49,841 rows/s)
2026-08-25 07:37:31 [INFO] [reviews] Clothing_Shoes_and_Jewelry: 63,000,000 rows so far (49,843 rows/s)
2026-08-25 07:37:35 [INFO] [reviews] Clothing_Shoes_and_Jewelry: 63,200,000 rows so far (49,846 rows/s)
2026-08-25 07:37:39 [INFO] [reviews] Clothing_Shoes_and_Jewelry: 63,400,000 rows so far (49,853 rows/s)
2026-08-25 07:37:43 [INFO] [reviews] Clothing_Shoes_and_Jewelry: 63,600,000 rows so far (49,857 rows/s)
2026-08-25 07:37:47 [INFO] [reviews] Clothing_Shoes_and_Jewelry: 63,800,000 rows so far (49,856 rows/s)
2026-08-25 07:37:51 [INFO] [reviews] Clothing_Shoes_and_Jewelry: 64,000,000 rows so far (49,855 rows/s)
2026-08-25 07:37:55 [INFO] [reviews] Clothing_Shoes_and_Jewelry: 64,200,000 rows so far (49,855 rows/s)
2026-08-25 07:37:59 [INFO] [reviews] Clothing_Shoes_and_Jewelry: 64,400,000 rows so far (49,853 rows/s)
2026-08-25 07:38:03 [INFO] [reviews] Clothing_Shoes_and_Jewelry: 64,600,000 rows so far (49,851 rows/s)
2026-08-25 07:38:07 [INFO] [reviews] Clothing_Shoes_and_Jewelry: 64,800,000 rows so far (49,855 rows/s)
2026-08-25 07:38:11 [INFO] [reviews] Clothing_Shoes_and_Jewelry: 65,000,000 rows so far (49,858 rows/s)
2026-08-25 07:38:15 [INFO] [reviews] Clothing_Shoes_and_Jewelry: 65,200,000 rows so far (49,861 rows/s)
2026-08-25 07:38:19 [INFO] [reviews] Clothing_Shoes_and_Jewelry: 65,400,000 rows so far (49,859 rows/s)
2026-08-25 07:38:23 [INFO] [reviews] Clothing_Shoes_and_Jewelry: 65,600,000 rows so far (49,856 rows/s)
2026-08-25 07:38:27 [INFO] [reviews] Clothing_Shoes_and_Jewelry: 65,800,000 rows so far (49,850 rows/s)
2026-08-25 07:38:31 [INFO] [reviews] Clothing_Shoes_and_Jewelry: 66,000,000 rows so far (49,852 rows/s)
2026-08-25 07:38:32 [INFO] [reviews] Clothing_Shoes_and_Jewelry: wrote 66,033,346 rows in 1324.6s -> /kaggle/working/amazon2023/reviews_by_category/Clothing_Shoes_and_Jewelry.parquet
2026-08-25 07:38:32 [INFO] [meta] Clothing_Shoes_and_Jewelry: starting download from https://mcauleylab.ucsd.edu/public_datasets/data/amazon_2023/raw/meta_categories/meta_Clothing_Shoes_and_Jewelry.jsonl.gz
2026-08-25 07:38:53 [INFO] [meta] Clothing_Shoes_and_Jewelry: 200,000 rows so far (9,316 rows/s)
2026-08-25 07:39:14 [INFO] [meta] Clothing_Shoes_and_Jewelry: 400,000 rows so far (9,433 rows/s)
2026-08-25 07:39:35 [INFO] [meta] Clothing_Shoes_and_Jewelry: 600,000 rows so far (9,541 rows/s)
2026-08-25 07:39:55 [INFO] [meta] Clothing_Shoes_and_Jewelry: 800,000 rows so far (9,653 rows/s)
2026-08-25 07:40:15 [INFO] [meta] Clothing_Shoes_and_Jewelry: 1,000,000 rows so far (9,731 rows/s)
2026-08-25 07:40:35 [INFO] [meta] Clothing_Shoes_and_Jewelry: 1,200,000 rows so far (9,736 rows/s)
2026-08-25 07:40:55 [INFO] [meta] Clothing_Shoes_and_Jewelry: 1,400,000 rows so far (9,779 rows/s)
2026-08-25 07:41:15 [INFO] [meta] Clothing_Shoes_and_Jewelry: 1,600,000 rows so far (9,806 rows/s)
2026-08-25 07:41:35 [INFO] [meta] Clothing_Shoes_and_Jewelry: 1,800,000 rows so far (9,814 rows/s)
2026-08-25 07:41:55 [INFO] [meta] Clothing_Shoes_and_Jewelry: 2,000,000 rows so far (9,861 rows/s)
2026-08-25 07:42:14 [INFO] [meta] Clothing_Shoes_and_Jewelry: 2,200,000 rows so far (9,881 rows/s)
2026-08-25 07:42:35 [INFO] [meta] Clothing_Shoes_and_Jewelry: 2,400,000 rows so far (9,877 rows/s)
2026-08-25 07:42:54 [INFO] [meta] Clothing_Shoes_and_Jewelry: 2,600,000 rows so far (9,902 rows/s)
2026-08-25 07:43:14 [INFO] [meta] Clothing_Shoes_and_Jewelry: 2,800,000 rows so far (9,929 rows/s)
2026-08-25 07:43:33 [INFO] [meta] Clothing_Shoes_and_Jewelry: 3,000,000 rows so far (9,952 rows/s)
2026-08-25 07:43:53 [INFO] [meta] Clothing_Shoes_and_Jewelry: 3,200,000 rows so far (9,958 rows/s)
2026-08-25 07:44:13 [INFO] [meta] Clothing_Shoes_and_Jewelry: 3,400,000 rows so far (9,973 rows/s)
2026-08-25 07:44:32 [INFO] [meta] Clothing_Shoes_and_Jewelry: 3,600,000 rows so far (9,992 rows/s)
2026-08-25 07:44:51 [INFO] [meta] Clothing_Shoes_and_Jewelry: 3,800,000 rows so far (10,023 rows/s)
2026-08-25 07:45:10 [INFO] [meta] Clothing_Shoes_and_Jewelry: 4,000,000 rows so far (10,048 rows/s)
2026-08-25 07:45:29 [INFO] [meta] Clothing_Shoes_and_Jewelry: 4,200,000 rows so far (10,076 rows/s)
2026-08-25 07:45:48 [INFO] [meta] Clothing_Shoes_and_Jewelry: 4,400,000 rows so far (10,094 rows/s)
2026-08-25 07:46:06 [INFO] [meta] Clothing_Shoes_and_Jewelry: 4,600,000 rows so far (10,118 rows/s)
2026-08-25 07:46:25 [INFO] [meta] Clothing_Shoes_and_Jewelry: 4,800,000 rows so far (10,137 rows/s)
2026-08-25 07:46:45 [INFO] [meta] Clothing_Shoes_and_Jewelry: 5,000,000 rows so far (10,147 rows/s)
2026-08-25 07:47:03 [INFO] [meta] Clothing_Shoes_and_Jewelry: 5,200,000 rows so far (10,168 rows/s)
2026-08-25 07:47:22 [INFO] [meta] Clothing_Shoes_and_Jewelry: 5,400,000 rows so far (10,192 rows/s)
2026-08-25 07:47:40 [INFO] [meta] Clothing_Shoes_and_Jewelry: 5,600,000 rows so far (10,209 rows/s)
2026-08-25 07:47:59 [INFO] [meta] Clothing_Shoes_and_Jewelry: 5,800,000 rows so far (10,219 rows/s)
2026-08-25 07:48:26 [INFO] [meta] Clothing_Shoes_and_Jewelry: 6,000,000 rows so far (10,089 rows/s)
2026-08-25 07:48:45 [INFO] [meta] Clothing_Shoes_and_Jewelry: 6,200,000 rows so far (10,104 rows/s)
2026-08-25 07:49:04 [INFO] [meta] Clothing_Shoes_and_Jewelry: 6,400,000 rows so far (10,118 rows/s)
2026-08-25 07:49:23 [INFO] [meta] Clothing_Shoes_and_Jewelry: 6,600,000 rows so far (10,134 rows/s)
2026-08-25 07:49:42 [INFO] [meta] Clothing_Shoes_and_Jewelry: 6,800,000 rows so far (10,147 rows/s)
2026-08-25 07:50:01 [INFO] [meta] Clothing_Shoes_and_Jewelry: 7,000,000 rows so far (10,162 rows/s)
2026-08-25 07:50:19 [INFO] [meta] Clothing_Shoes_and_Jewelry: 7,200,000 rows so far (10,174 rows/s)
2026-08-25 07:50:21 [INFO] [meta] Clothing_Shoes_and_Jewelry: wrote 7,218,481 rows in 709.3s -> /kaggle/working/amazon2023/meta_by_category/Clothing_Shoes_and_Jewelry.parquet
2026-08-25 07:50:21 [INFO] Current output size: 8.85 GB
2026-08-25 07:50:21 [INFO] [reviews] Digital_Music: starting download from https://mcauleylab.ucsd.edu/public_datasets/data/amazon_2023/raw/review_categories/Digital_Music.jsonl.gz
2026-08-25 07:50:24 [INFO] [reviews] Digital_Music: wrote 130,434 rows in 3.1s -> /kaggle/working/amazon2023/reviews_by_category/Digital_Music.parquet
2026-08-25 07:50:24 [INFO] [meta] Digital_Music: starting download from https://mcauleylab.ucsd.edu/public_datasets/data/amazon_2023/raw/meta_categories/meta_Digital_Music.jsonl.gz
2026-08-25 07:50:28 [INFO] [meta] Digital_Music: wrote 70,537 rows in 4.1s -> /kaggle/working/amazon2023/meta_by_category/Digital_Music.parquet
2026-08-25 07:50:28 [INFO] Current output size: 8.86 GB
2026-08-25 07:50:28 [INFO] [reviews] Electronics: starting download from https://mcauleylab.ucsd.edu/public_datasets/data/amazon_2023/raw/review_categories/Electronics.jsonl.gz
2026-08-25 07:50:33 [INFO] [reviews] Electronics: 200,000 rows so far (42,369 rows/s)
2026-08-25 07:50:38 [INFO] [reviews] Electronics: 400,000 rows so far (43,417 rows/s)
2026-08-25 07:50:42 [INFO] [reviews] Electronics: 600,000 rows so far (44,190 rows/s)
2026-08-25 07:50:46 [INFO] [reviews] Electronics: 800,000 rows so far (44,667 rows/s)
2026-08-25 07:50:51 [INFO] [reviews] Electronics: 1,000,000 rows so far (45,095 rows/s)
2026-08-25 07:50:55 [INFO] [reviews] Electronics: 1,200,000 rows so far (45,473 rows/s)
2026-08-25 07:50:59 [INFO] [reviews] Electronics: 1,400,000 rows so far (45,588 rows/s)
2026-08-25 07:51:03 [INFO] [reviews] Electronics: 1,600,000 rows so far (45,743 rows/s)
2026-08-25 07:51:08 [INFO] [reviews] Electronics: 1,800,000 rows so far (45,926 rows/s)
2026-08-25 07:51:12 [INFO] [reviews] Electronics: 2,000,000 rows so far (46,039 rows/s)
2026-08-25 07:51:16 [INFO] [reviews] Electronics: 2,200,000 rows so far (46,198 rows/s)
2026-08-25 07:51:20 [INFO] [reviews] Electronics: 2,400,000 rows so far (46,359 rows/s)
2026-08-25 07:51:24 [INFO] [reviews] Electronics: 2,600,000 rows so far (46,520 rows/s)
2026-08-25 07:51:28 [INFO] [reviews] Electronics: 2,800,000 rows so far (46,584 rows/s)
2026-08-25 07:51:33 [INFO] [reviews] Electronics: 3,000,000 rows so far (46,729 rows/s)
2026-08-25 07:51:37 [INFO] [reviews] Electronics: 3,200,000 rows so far (46,813 rows/s)
2026-08-25 07:51:41 [INFO] [reviews] Electronics: 3,400,000 rows so far (46,846 rows/s)
2026-08-25 07:51:45 [INFO] [reviews] Electronics: 3,600,000 rows so far (46,872 rows/s)
2026-08-25 07:51:49 [INFO] [reviews] Electronics: 3,800,000 rows so far (46,940 rows/s)
2026-08-25 07:51:54 [INFO] [reviews] Electronics: 4,000,000 rows so far (46,861 rows/s)
2026-08-25 07:51:58 [INFO] [reviews] Electronics: 4,200,000 rows so far (46,768 rows/s)
2026-08-25 07:52:02 [INFO] [reviews] Electronics: 4,400,000 rows so far (46,753 rows/s)
2026-08-25 07:52:07 [INFO] [reviews] Electronics: 4,600,000 rows so far (46,798 rows/s)
2026-08-25 07:52:11 [INFO] [reviews] Electronics: 4,800,000 rows so far (46,885 rows/s)
2026-08-25 07:52:15 [INFO] [reviews] Electronics: 5,000,000 rows so far (47,011 rows/s)
2026-08-25 07:52:19 [INFO] [reviews] Electronics: 5,200,000 rows so far (47,099 rows/s)
2026-08-25 07:52:23 [INFO] [reviews] Electronics: 5,400,000 rows so far (47,136 rows/s)
2026-08-25 07:52:27 [INFO] [reviews] Electronics: 5,600,000 rows so far (47,184 rows/s)
2026-08-25 07:52:31 [INFO] [reviews] Electronics: 5,800,000 rows so far (47,176 rows/s)
2026-08-25 07:52:35 [INFO] [reviews] Electronics: 6,000,000 rows so far (47,228 rows/s)
2026-08-25 07:52:40 [INFO] [reviews] Electronics: 6,200,000 rows so far (47,217 rows/s)
2026-08-25 07:52:44 [INFO] [reviews] Electronics: 6,400,000 rows so far (47,238 rows/s)
2026-08-25 07:52:48 [INFO] [reviews] Electronics: 6,600,000 rows so far (47,265 rows/s)
2026-08-25 07:52:53 [INFO] [reviews] Electronics: 6,800,000 rows so far (47,152 rows/s)
2026-08-25 07:52:57 [INFO] [reviews] Electronics: 7,000,000 rows so far (47,066 rows/s)
2026-08-25 07:53:02 [INFO] [reviews] Electronics: 7,200,000 rows so far (46,934 rows/s)
2026-08-25 07:53:06 [INFO] [reviews] Electronics: 7,400,000 rows so far (46,946 rows/s)
2026-08-25 07:53:10 [INFO] [reviews] Electronics: 7,600,000 rows so far (46,943 rows/s)
2026-08-25 07:53:14 [INFO] [reviews] Electronics: 7,800,000 rows so far (46,962 rows/s)
2026-08-25 07:53:19 [INFO] [reviews] Electronics: 8,000,000 rows so far (46,954 rows/s)
2026-08-25 07:53:23 [INFO] [reviews] Electronics: 8,200,000 rows so far (46,975 rows/s)
2026-08-25 07:53:27 [INFO] [reviews] Electronics: 8,400,000 rows so far (46,983 rows/s)
2026-08-25 07:53:32 [INFO] [reviews] Electronics: 8,600,000 rows so far (46,949 rows/s)
2026-08-25 07:53:36 [INFO] [reviews] Electronics: 8,800,000 rows so far (46,944 rows/s)
2026-08-25 07:53:40 [INFO] [reviews] Electronics: 9,000,000 rows so far (46,975 rows/s)
2026-08-25 07:53:44 [INFO] [reviews] Electronics: 9,200,000 rows so far (47,016 rows/s)
2026-08-25 07:53:48 [INFO] [reviews] Electronics: 9,400,000 rows so far (47,060 rows/s)
2026-08-25 07:53:52 [INFO] [reviews] Electronics: 9,600,000 rows so far (47,082 rows/s)
2026-08-25 07:53:56 [INFO] [reviews] Electronics: 9,800,000 rows so far (47,100 rows/s)
2026-08-25 07:54:00 [INFO] [reviews] Electronics: 10,000,000 rows so far (47,132 rows/s)
2026-08-25 07:54:05 [INFO] [reviews] Electronics: 10,200,000 rows so far (47,152 rows/s)
2026-08-25 07:54:09 [INFO] [reviews] Electronics: 10,400,000 rows so far (47,182 rows/s)
2026-08-25 07:54:13 [INFO] [reviews] Electronics: 10,600,000 rows so far (47,223 rows/s)
2026-08-25 07:54:17 [INFO] [reviews] Electronics: 10,800,000 rows so far (47,260 rows/s)
2026-08-25 07:54:21 [INFO] [reviews] Electronics: 11,000,000 rows so far (47,301 rows/s)
2026-08-25 07:54:25 [INFO] [reviews] Electronics: 11,200,000 rows so far (47,347 rows/s)
2026-08-25 07:54:29 [INFO] [reviews] Electronics: 11,400,000 rows so far (47,370 rows/s)
2026-08-25 07:54:33 [INFO] [reviews] Electronics: 11,600,000 rows so far (47,394 rows/s)
2026-08-25 07:54:37 [INFO] [reviews] Electronics: 11,800,000 rows so far (47,420 rows/s)
2026-08-25 07:54:41 [INFO] [reviews] Electronics: 12,000,000 rows so far (47,410 rows/s)
2026-08-25 07:54:46 [INFO] [reviews] Electronics: 12,200,000 rows so far (47,433 rows/s)
2026-08-25 07:54:50 [INFO] [reviews] Electronics: 12,400,000 rows so far (47,447 rows/s)
2026-08-25 07:54:54 [INFO] [reviews] Electronics: 12,600,000 rows so far (47,464 rows/s)
2026-08-25 07:54:58 [INFO] [reviews] Electronics: 12,800,000 rows so far (47,467 rows/s)
2026-08-25 07:55:04 [INFO] [reviews] Electronics: 13,000,000 rows so far (47,243 rows/s)
2026-08-25 07:55:08 [INFO] [reviews] Electronics: 13,200,000 rows so far (47,267 rows/s)
2026-08-25 07:55:12 [INFO] [reviews] Electronics: 13,400,000 rows so far (47,280 rows/s)
2026-08-25 07:55:16 [INFO] [reviews] Electronics: 13,600,000 rows so far (47,293 rows/s)
2026-08-25 07:55:20 [INFO] [reviews] Electronics: 13,800,000 rows so far (47,301 rows/s)
2026-08-25 07:55:24 [INFO] [reviews] Electronics: 14,000,000 rows so far (47,319 rows/s)
2026-08-25 07:55:29 [INFO] [reviews] Electronics: 14,200,000 rows so far (47,306 rows/s)
2026-08-25 07:55:33 [INFO] [reviews] Electronics: 14,400,000 rows so far (47,334 rows/s)
2026-08-25 07:55:37 [INFO] [reviews] Electronics: 14,600,000 rows so far (47,354 rows/s)
2026-08-25 07:55:41 [INFO] [reviews] Electronics: 14,800,000 rows so far (47,368 rows/s)
2026-08-25 07:55:45 [INFO] [reviews] Electronics: 15,000,000 rows so far (47,397 rows/s)
2026-08-25 07:55:49 [INFO] [reviews] Electronics: 15,200,000 rows so far (47,417 rows/s)
2026-08-25 07:55:53 [INFO] [reviews] Electronics: 15,400,000 rows so far (47,432 rows/s)
2026-08-25 07:55:57 [INFO] [reviews] Electronics: 15,600,000 rows so far (47,444 rows/s)
2026-08-25 07:56:01 [INFO] [reviews] Electronics: 15,800,000 rows so far (47,428 rows/s)
2026-08-25 07:56:06 [INFO] [reviews] Electronics: 16,000,000 rows so far (47,434 rows/s)
2026-08-25 07:56:10 [INFO] [reviews] Electronics: 16,200,000 rows so far (47,449 rows/s)
2026-08-25 07:56:14 [INFO] [reviews] Electronics: 16,400,000 rows so far (47,471 rows/s)
2026-08-25 07:56:18 [INFO] [reviews] Electronics: 16,600,000 rows so far (47,471 rows/s)
2026-08-25 07:56:22 [INFO] [reviews] Electronics: 16,800,000 rows so far (47,491 rows/s)
2026-08-25 07:56:26 [INFO] [reviews] Electronics: 17,000,000 rows so far (47,518 rows/s)
2026-08-25 07:56:30 [INFO] [reviews] Electronics: 17,200,000 rows so far (47,513 rows/s)
2026-08-25 07:56:35 [INFO] [reviews] Electronics: 17,400,000 rows so far (47,501 rows/s)
2026-08-25 07:56:39 [INFO] [reviews] Electronics: 17,600,000 rows so far (47,480 rows/s)
2026-08-25 07:56:43 [INFO] [reviews] Electronics: 17,800,000 rows so far (47,491 rows/s)
2026-08-25 07:56:47 [INFO] [reviews] Electronics: 18,000,000 rows so far (47,505 rows/s)
2026-08-25 07:56:51 [INFO] [reviews] Electronics: 18,200,000 rows so far (47,508 rows/s)
2026-08-25 07:56:55 [INFO] [reviews] Electronics: 18,400,000 rows so far (47,525 rows/s)
2026-08-25 07:57:00 [INFO] [reviews] Electronics: 18,600,000 rows so far (47,535 rows/s)
2026-08-25 07:57:04 [INFO] [reviews] Electronics: 18,800,000 rows so far (47,541 rows/s)
2026-08-25 07:57:08 [INFO] [reviews] Electronics: 19,000,000 rows so far (47,518 rows/s)
2026-08-25 07:57:12 [INFO] [reviews] Electronics: 19,200,000 rows so far (47,512 rows/s)
2026-08-25 07:57:17 [INFO] [reviews] Electronics: 19,400,000 rows so far (47,521 rows/s)
2026-08-25 07:57:21 [INFO] [reviews] Electronics: 19,600,000 rows so far (47,496 rows/s)
2026-08-25 07:57:25 [INFO] [reviews] Electronics: 19,800,000 rows so far (47,478 rows/s)
2026-08-25 07:57:30 [INFO] [reviews] Electronics: 20,000,000 rows so far (47,475 rows/s)
2026-08-25 07:57:34 [INFO] [reviews] Electronics: 20,200,000 rows so far (47,474 rows/s)
2026-08-25 07:57:38 [INFO] [reviews] Electronics: 20,400,000 rows so far (47,465 rows/s)
2026-08-25 07:57:42 [INFO] [reviews] Electronics: 20,600,000 rows so far (47,466 rows/s)
2026-08-25 07:57:46 [INFO] [reviews] Electronics: 20,800,000 rows so far (47,473 rows/s)
2026-08-25 07:57:51 [INFO] [reviews] Electronics: 21,000,000 rows so far (47,474 rows/s)
2026-08-25 07:57:55 [INFO] [reviews] Electronics: 21,200,000 rows so far (47,487 rows/s)
2026-08-25 07:57:59 [INFO] [reviews] Electronics: 21,400,000 rows so far (47,493 rows/s)
2026-08-25 07:58:03 [INFO] [reviews] Electronics: 21,600,000 rows so far (47,491 rows/s)
2026-08-25 07:58:07 [INFO] [reviews] Electronics: 21,800,000 rows so far (47,504 rows/s)
2026-08-25 07:58:11 [INFO] [reviews] Electronics: 22,000,000 rows so far (47,510 rows/s)
2026-08-25 07:58:16 [INFO] [reviews] Electronics: 22,200,000 rows so far (47,518 rows/s)
2026-08-25 07:58:20 [INFO] [reviews] Electronics: 22,400,000 rows so far (47,527 rows/s)
2026-08-25 07:58:24 [INFO] [reviews] Electronics: 22,600,000 rows so far (47,542 rows/s)
2026-08-25 07:58:28 [INFO] [reviews] Electronics: 22,800,000 rows so far (47,554 rows/s)
2026-08-25 07:58:32 [INFO] [reviews] Electronics: 23,000,000 rows so far (47,567 rows/s)
2026-08-25 07:58:36 [INFO] [reviews] Electronics: 23,200,000 rows so far (47,584 rows/s)
2026-08-25 07:58:40 [INFO] [reviews] Electronics: 23,400,000 rows so far (47,586 rows/s)
2026-08-25 07:58:44 [INFO] [reviews] Electronics: 23,600,000 rows so far (47,595 rows/s)
2026-08-25 07:58:48 [INFO] [reviews] Electronics: 23,800,000 rows so far (47,591 rows/s)
2026-08-25 07:58:53 [INFO] [reviews] Electronics: 24,000,000 rows so far (47,595 rows/s)
2026-08-25 07:58:57 [INFO] [reviews] Electronics: 24,200,000 rows so far (47,598 rows/s)
2026-08-25 07:59:01 [INFO] [reviews] Electronics: 24,400,000 rows so far (47,616 rows/s)
2026-08-25 07:59:05 [INFO] [reviews] Electronics: 24,600,000 rows so far (47,622 rows/s)
2026-08-25 07:59:09 [INFO] [reviews] Electronics: 24,800,000 rows so far (47,630 rows/s)
2026-08-25 07:59:13 [INFO] [reviews] Electronics: 25,000,000 rows so far (47,644 rows/s)
2026-08-25 07:59:17 [INFO] [reviews] Electronics: 25,200,000 rows so far (47,649 rows/s)
2026-08-25 07:59:21 [INFO] [reviews] Electronics: 25,400,000 rows so far (47,671 rows/s)
2026-08-25 07:59:25 [INFO] [reviews] Electronics: 25,600,000 rows so far (47,685 rows/s)
2026-08-25 07:59:29 [INFO] [reviews] Electronics: 25,800,000 rows so far (47,690 rows/s)
2026-08-25 07:59:33 [INFO] [reviews] Electronics: 26,000,000 rows so far (47,702 rows/s)
2026-08-25 07:59:37 [INFO] [reviews] Electronics: 26,200,000 rows so far (47,711 rows/s)
2026-08-25 07:59:42 [INFO] [reviews] Electronics: 26,400,000 rows so far (47,712 rows/s)
2026-08-25 07:59:46 [INFO] [reviews] Electronics: 26,600,000 rows so far (47,723 rows/s)
2026-08-25 07:59:50 [INFO] [reviews] Electronics: 26,800,000 rows so far (47,726 rows/s)
2026-08-25 07:59:54 [INFO] [reviews] Electronics: 27,000,000 rows so far (47,708 rows/s)
2026-08-25 07:59:59 [INFO] [reviews] Electronics: 27,200,000 rows so far (47,692 rows/s)
2026-08-25 08:00:03 [INFO] [reviews] Electronics: 27,400,000 rows so far (47,681 rows/s)
2026-08-25 08:00:07 [INFO] [reviews] Electronics: 27,600,000 rows so far (47,669 rows/s)
2026-08-25 08:00:12 [INFO] [reviews] Electronics: 27,800,000 rows so far (47,662 rows/s)
2026-08-25 08:00:16 [INFO] [reviews] Electronics: 28,000,000 rows so far (47,660 rows/s)
2026-08-25 08:00:20 [INFO] [reviews] Electronics: 28,200,000 rows so far (47,658 rows/s)
2026-08-25 08:00:24 [INFO] [reviews] Electronics: 28,400,000 rows so far (47,653 rows/s)
2026-08-25 08:00:29 [INFO] [reviews] Electronics: 28,600,000 rows so far (47,639 rows/s)
2026-08-25 08:00:33 [INFO] [reviews] Electronics: 28,800,000 rows so far (47,621 rows/s)
2026-08-25 08:00:37 [INFO] [reviews] Electronics: 29,000,000 rows so far (47,623 rows/s)
2026-08-25 08:00:42 [INFO] [reviews] Electronics: 29,200,000 rows so far (47,616 rows/s)
2026-08-25 08:00:46 [INFO] [reviews] Electronics: 29,400,000 rows so far (47,619 rows/s)
2026-08-25 08:00:50 [INFO] [reviews] Electronics: 29,600,000 rows so far (47,612 rows/s)
2026-08-25 08:00:54 [INFO] [reviews] Electronics: 29,800,000 rows so far (47,611 rows/s)
2026-08-25 08:00:59 [INFO] [reviews] Electronics: 30,000,000 rows so far (47,605 rows/s)
2026-08-25 08:01:03 [INFO] [reviews] Electronics: 30,200,000 rows so far (47,577 rows/s)
2026-08-25 08:01:07 [INFO] [reviews] Electronics: 30,400,000 rows so far (47,574 rows/s)
2026-08-25 08:01:12 [INFO] [reviews] Electronics: 30,600,000 rows so far (47,562 rows/s)
2026-08-25 08:01:16 [INFO] [reviews] Electronics: 30,800,000 rows so far (47,558 rows/s)
2026-08-25 08:01:20 [INFO] [reviews] Electronics: 31,000,000 rows so far (47,558 rows/s)
2026-08-25 08:01:24 [INFO] [reviews] Electronics: 31,200,000 rows so far (47,564 rows/s)
2026-08-25 08:01:28 [INFO] [reviews] Electronics: 31,400,000 rows so far (47,568 rows/s)
2026-08-25 08:01:33 [INFO] [reviews] Electronics: 31,600,000 rows so far (47,572 rows/s)
2026-08-25 08:01:37 [INFO] [reviews] Electronics: 31,800,000 rows so far (47,574 rows/s)
2026-08-25 08:01:41 [INFO] [reviews] Electronics: 32,000,000 rows so far (47,578 rows/s)
2026-08-25 08:01:45 [INFO] [reviews] Electronics: 32,200,000 rows so far (47,580 rows/s)
2026-08-25 08:01:49 [INFO] [reviews] Electronics: 32,400,000 rows so far (47,578 rows/s)
2026-08-25 08:01:54 [INFO] [reviews] Electronics: 32,600,000 rows so far (47,579 rows/s)
2026-08-25 08:01:58 [INFO] [reviews] Electronics: 32,800,000 rows so far (47,574 rows/s)
2026-08-25 08:02:02 [INFO] [reviews] Electronics: 33,000,000 rows so far (47,565 rows/s)
2026-08-25 08:02:06 [INFO] [reviews] Electronics: 33,200,000 rows so far (47,568 rows/s)
2026-08-25 08:02:11 [INFO] [reviews] Electronics: 33,400,000 rows so far (47,560 rows/s)
2026-08-25 08:02:15 [INFO] [reviews] Electronics: 33,600,000 rows so far (47,557 rows/s)
2026-08-25 08:02:19 [INFO] [reviews] Electronics: 33,800,000 rows so far (47,556 rows/s)
2026-08-25 08:02:23 [INFO] [reviews] Electronics: 34,000,000 rows so far (47,566 rows/s)
2026-08-25 08:02:27 [INFO] [reviews] Electronics: 34,200,000 rows so far (47,569 rows/s)
2026-08-25 08:02:32 [INFO] [reviews] Electronics: 34,400,000 rows so far (47,568 rows/s)
2026-08-25 08:02:36 [INFO] [reviews] Electronics: 34,600,000 rows so far (47,570 rows/s)
2026-08-25 08:02:40 [INFO] [reviews] Electronics: 34,800,000 rows so far (47,571 rows/s)
2026-08-25 08:02:44 [INFO] [reviews] Electronics: 35,000,000 rows so far (47,575 rows/s)
2026-08-25 08:02:48 [INFO] [reviews] Electronics: 35,200,000 rows so far (47,565 rows/s)
2026-08-25 08:02:53 [INFO] [reviews] Electronics: 35,400,000 rows so far (47,563 rows/s)
2026-08-25 08:02:57 [INFO] [reviews] Electronics: 35,600,000 rows so far (47,556 rows/s)
2026-08-25 08:03:01 [INFO] [reviews] Electronics: 35,800,000 rows so far (47,543 rows/s)
2026-08-25 08:03:06 [INFO] [reviews] Electronics: 36,000,000 rows so far (47,537 rows/s)
2026-08-25 08:03:10 [INFO] [reviews] Electronics: 36,200,000 rows so far (47,518 rows/s)
2026-08-25 08:03:14 [INFO] [reviews] Electronics: 36,400,000 rows so far (47,520 rows/s)
2026-08-25 08:03:19 [INFO] [reviews] Electronics: 36,600,000 rows so far (47,515 rows/s)
2026-08-25 08:03:23 [INFO] [reviews] Electronics: 36,800,000 rows so far (47,513 rows/s)
2026-08-25 08:03:27 [INFO] [reviews] Electronics: 37,000,000 rows so far (47,511 rows/s)
2026-08-25 08:03:31 [INFO] [reviews] Electronics: 37,200,000 rows so far (47,512 rows/s)
2026-08-25 08:03:35 [INFO] [reviews] Electronics: 37,400,000 rows so far (47,514 rows/s)
2026-08-25 08:03:40 [INFO] [reviews] Electronics: 37,600,000 rows so far (47,509 rows/s)
2026-08-25 08:03:44 [INFO] [reviews] Electronics: 37,800,000 rows so far (47,513 rows/s)
2026-08-25 08:03:48 [INFO] [reviews] Electronics: 38,000,000 rows so far (47,519 rows/s)
2026-08-25 08:03:52 [INFO] [reviews] Electronics: 38,200,000 rows so far (47,530 rows/s)
2026-08-25 08:03:56 [INFO] [reviews] Electronics: 38,400,000 rows so far (47,530 rows/s)
2026-08-25 08:04:01 [INFO] [reviews] Electronics: 38,600,000 rows so far (47,526 rows/s)
2026-08-25 08:04:05 [INFO] [reviews] Electronics: 38,800,000 rows so far (47,525 rows/s)
2026-08-25 08:04:09 [INFO] [reviews] Electronics: 39,000,000 rows so far (47,530 rows/s)
2026-08-25 08:04:13 [INFO] [reviews] Electronics: 39,200,000 rows so far (47,528 rows/s)
2026-08-25 08:04:17 [INFO] [reviews] Electronics: 39,400,000 rows so far (47,525 rows/s)
2026-08-25 08:04:22 [INFO] [reviews] Electronics: 39,600,000 rows so far (47,525 rows/s)
2026-08-25 08:04:26 [INFO] [reviews] Electronics: 39,800,000 rows so far (47,531 rows/s)
2026-08-25 08:04:30 [INFO] [reviews] Electronics: 40,000,000 rows so far (47,526 rows/s)
2026-08-25 08:04:34 [INFO] [reviews] Electronics: 40,200,000 rows so far (47,522 rows/s)
2026-08-25 08:04:39 [INFO] [reviews] Electronics: 40,400,000 rows so far (47,517 rows/s)
2026-08-25 08:04:43 [INFO] [reviews] Electronics: 40,600,000 rows so far (47,517 rows/s)
2026-08-25 08:04:47 [INFO] [reviews] Electronics: 40,800,000 rows so far (47,521 rows/s)
2026-08-25 08:04:51 [INFO] [reviews] Electronics: 41,000,000 rows so far (47,528 rows/s)
2026-08-25 08:04:55 [INFO] [reviews] Electronics: 41,200,000 rows so far (47,539 rows/s)
2026-08-25 08:04:59 [INFO] [reviews] Electronics: 41,400,000 rows so far (47,546 rows/s)
2026-08-25 08:05:03 [INFO] [reviews] Electronics: 41,600,000 rows so far (47,547 rows/s)
2026-08-25 08:05:07 [INFO] [reviews] Electronics: 41,800,000 rows so far (47,555 rows/s)
2026-08-25 08:05:12 [INFO] [reviews] Electronics: 42,000,000 rows so far (47,533 rows/s)
2026-08-25 08:05:16 [INFO] [reviews] Electronics: 42,200,000 rows so far (47,530 rows/s)
2026-08-25 08:05:21 [INFO] [reviews] Electronics: 42,400,000 rows so far (47,519 rows/s)
2026-08-25 08:05:25 [INFO] [reviews] Electronics: 42,600,000 rows so far (47,512 rows/s)
2026-08-25 08:05:29 [INFO] [reviews] Electronics: 42,800,000 rows so far (47,509 rows/s)
2026-08-25 08:05:33 [INFO] [reviews] Electronics: 43,000,000 rows so far (47,511 rows/s)
2026-08-25 08:05:38 [INFO] [reviews] Electronics: 43,200,000 rows so far (47,514 rows/s)
2026-08-25 08:05:42 [INFO] [reviews] Electronics: 43,400,000 rows so far (47,520 rows/s)
2026-08-25 08:05:46 [INFO] [reviews] Electronics: 43,600,000 rows so far (47,525 rows/s)
2026-08-25 08:05:50 [INFO] [reviews] Electronics: 43,800,000 rows so far (47,533 rows/s)
2026-08-25 08:05:52 [INFO] [reviews] Electronics: wrote 43,886,944 rows in 923.3s -> /kaggle/working/amazon2023/reviews_by_category/Electronics.parquet
2026-08-25 08:05:52 [INFO] [meta] Electronics: starting download from https://mcauleylab.ucsd.edu/public_datasets/data/amazon_2023/raw/meta_categories/meta_Electronics.jsonl.gz
2026-08-25 08:06:19 [INFO] [meta] Electronics: 200,000 rows so far (7,362 rows/s)
2026-08-25 08:06:45 [INFO] [meta] Electronics: 400,000 rows so far (7,461 rows/s)
2026-08-25 08:07:10 [INFO] [meta] Electronics: 600,000 rows so far (7,614 rows/s)
2026-08-25 08:07:36 [INFO] [meta] Electronics: 800,000 rows so far (7,691 rows/s)
2026-08-25 08:08:00 [INFO] [meta] Electronics: 1,000,000 rows so far (7,771 rows/s)
2026-08-25 08:08:25 [INFO] [meta] Electronics: 1,200,000 rows so far (7,847 rows/s)
2026-08-25 08:08:47 [INFO] [meta] Electronics: 1,400,000 rows so far (7,980 rows/s)
2026-08-25 08:09:08 [INFO] [meta] Electronics: 1,600,000 rows so far (8,137 rows/s)
2026-08-25 08:09:09 [INFO] [meta] Electronics: wrote 1,610,012 rows in 197.8s -> /kaggle/working/amazon2023/meta_by_category/Electronics.parquet
2026-08-25 08:09:09 [INFO] Current output size: 10.17 GB
2026-08-25 08:09:09 [INFO] [reviews] Gift_Cards: starting download from https://mcauleylab.ucsd.edu/public_datasets/data/amazon_2023/raw/review_categories/Gift_Cards.jsonl.gz
2026-08-25 08:09:12 [INFO] [reviews] Gift_Cards: wrote 152,410 rows in 3.0s -> /kaggle/working/amazon2023/reviews_by_category/Gift_Cards.parquet
2026-08-25 08:09:12 [INFO] [meta] Gift_Cards: starting download from https://mcauleylab.ucsd.edu/public_datasets/data/amazon_2023/raw/meta_categories/meta_Gift_Cards.jsonl.gz
2026-08-25 08:09:13 [INFO] [meta] Gift_Cards: wrote 1,137 rows in 0.3s -> /kaggle/working/amazon2023/meta_by_category/Gift_Cards.parquet
2026-08-25 08:09:13 [INFO] Current output size: 10.18 GB
2026-08-25 08:09:13 [INFO] [reviews] Grocery_and_Gourmet_Food: starting download from https://mcauleylab.ucsd.edu/public_datasets/data/amazon_2023/raw/review_categories/Grocery_and_Gourmet_Food.jsonl.gz
2026-08-25 08:09:17 [INFO] [reviews] Grocery_and_Gourmet_Food: 200,000 rows so far (45,655 rows/s)
2026-08-25 08:09:26 [INFO] [reviews] Grocery_and_Gourmet_Food: 400,000 rows so far (29,805 rows/s)
2026-08-25 08:09:31 [INFO] [reviews] Grocery_and_Gourmet_Food: 600,000 rows so far (32,960 rows/s)
2026-08-25 08:09:35 [INFO] [reviews] Grocery_and_Gourmet_Food: 800,000 rows so far (36,194 rows/s)
2026-08-25 08:09:39 [INFO] [reviews] Grocery_and_Gourmet_Food: 1,000,000 rows so far (38,484 rows/s)
2026-08-25 08:09:43 [INFO] [reviews] Grocery_and_Gourmet_Food: 1,200,000 rows so far (40,039 rows/s)
2026-08-25 08:09:47 [INFO] [reviews] Grocery_and_Gourmet_Food: 1,400,000 rows so far (41,254 rows/s)
2026-08-25 08:09:51 [INFO] [reviews] Grocery_and_Gourmet_Food: 1,600,000 rows so far (42,076 rows/s)
2026-08-25 08:09:55 [INFO] [reviews] Grocery_and_Gourmet_Food: 1,800,000 rows so far (42,744 rows/s)
2026-08-25 08:09:59 [INFO] [reviews] Grocery_and_Gourmet_Food: 2,000,000 rows so far (43,286 rows/s)
2026-08-25 08:10:03 [INFO] [reviews] Grocery_and_Gourmet_Food: 2,200,000 rows so far (43,633 rows/s)
2026-08-25 08:10:07 [INFO] [reviews] Grocery_and_Gourmet_Food: 2,400,000 rows so far (44,051 rows/s)
2026-08-25 08:10:11 [INFO] [reviews] Grocery_and_Gourmet_Food: 2,600,000 rows so far (44,405 rows/s)
2026-08-25 08:10:15 [INFO] [reviews] Grocery_and_Gourmet_Food: 2,800,000 rows so far (44,711 rows/s)
2026-08-25 08:10:19 [INFO] [reviews] Grocery_and_Gourmet_Food: 3,000,000 rows so far (45,023 rows/s)
2026-08-25 08:10:23 [INFO] [reviews] Grocery_and_Gourmet_Food: 3,200,000 rows so far (45,376 rows/s)
2026-08-25 08:10:27 [INFO] [reviews] Grocery_and_Gourmet_Food: 3,400,000 rows so far (45,603 rows/s)
2026-08-25 08:10:31 [INFO] [reviews] Grocery_and_Gourmet_Food: 3,600,000 rows so far (45,801 rows/s)
2026-08-25 08:10:35 [INFO] [reviews] Grocery_and_Gourmet_Food: 3,800,000 rows so far (46,058 rows/s)
2026-08-25 08:10:39 [INFO] [reviews] Grocery_and_Gourmet_Food: 4,000,000 rows so far (46,256 rows/s)
2026-08-25 08:10:43 [INFO] [reviews] Grocery_and_Gourmet_Food: 4,200,000 rows so far (46,519 rows/s)
2026-08-25 08:10:47 [INFO] [reviews] Grocery_and_Gourmet_Food: 4,400,000 rows so far (46,735 rows/s)
2026-08-25 08:10:51 [INFO] [reviews] Grocery_and_Gourmet_Food: 4,600,000 rows so far (46,887 rows/s)
2026-08-25 08:10:55 [INFO] [reviews] Grocery_and_Gourmet_Food: 4,800,000 rows so far (47,094 rows/s)
2026-08-25 08:10:59 [INFO] [reviews] Grocery_and_Gourmet_Food: 5,000,000 rows so far (47,212 rows/s)
2026-08-25 08:11:03 [INFO] [reviews] Grocery_and_Gourmet_Food: 5,200,000 rows so far (47,347 rows/s)
2026-08-25 08:11:06 [INFO] [reviews] Grocery_and_Gourmet_Food: 5,400,000 rows so far (47,478 rows/s)
2026-08-25 08:11:11 [INFO] [reviews] Grocery_and_Gourmet_Food: 5,600,000 rows so far (47,549 rows/s)
2026-08-25 08:11:14 [INFO] [reviews] Grocery_and_Gourmet_Food: 5,800,000 rows so far (47,646 rows/s)
2026-08-25 08:11:19 [INFO] [reviews] Grocery_and_Gourmet_Food: 6,000,000 rows so far (47,677 rows/s)
2026-08-25 08:11:23 [INFO] [reviews] Grocery_and_Gourmet_Food: 6,200,000 rows so far (47,714 rows/s)
2026-08-25 08:11:27 [INFO] [reviews] Grocery_and_Gourmet_Food: 6,400,000 rows so far (47,790 rows/s)
2026-08-25 08:11:31 [INFO] [reviews] Grocery_and_Gourmet_Food: 6,600,000 rows so far (47,836 rows/s)
2026-08-25 08:11:35 [INFO] [reviews] Grocery_and_Gourmet_Food: 6,800,000 rows so far (47,877 rows/s)
2026-08-25 08:11:39 [INFO] [reviews] Grocery_and_Gourmet_Food: 7,000,000 rows so far (47,912 rows/s)
2026-08-25 08:11:43 [INFO] [reviews] Grocery_and_Gourmet_Food: 7,200,000 rows so far (47,995 rows/s)
2026-08-25 08:11:47 [INFO] [reviews] Grocery_and_Gourmet_Food: 7,400,000 rows so far (48,103 rows/s)
2026-08-25 08:11:51 [INFO] [reviews] Grocery_and_Gourmet_Food: 7,600,000 rows so far (48,169 rows/s)
2026-08-25 08:11:54 [INFO] [reviews] Grocery_and_Gourmet_Food: 7,800,000 rows so far (48,255 rows/s)
2026-08-25 08:11:58 [INFO] [reviews] Grocery_and_Gourmet_Food: 8,000,000 rows so far (48,311 rows/s)
2026-08-25 08:12:02 [INFO] [reviews] Grocery_and_Gourmet_Food: 8,200,000 rows so far (48,347 rows/s)
2026-08-25 08:12:06 [INFO] [reviews] Grocery_and_Gourmet_Food: 8,400,000 rows so far (48,398 rows/s)
2026-08-25 08:12:10 [INFO] [reviews] Grocery_and_Gourmet_Food: 8,600,000 rows so far (48,438 rows/s)
2026-08-25 08:12:14 [INFO] [reviews] Grocery_and_Gourmet_Food: 8,800,000 rows so far (48,503 rows/s)
2026-08-25 08:12:18 [INFO] [reviews] Grocery_and_Gourmet_Food: 9,000,000 rows so far (48,537 rows/s)
2026-08-25 08:12:22 [INFO] [reviews] Grocery_and_Gourmet_Food: 9,200,000 rows so far (48,626 rows/s)
2026-08-25 08:12:26 [INFO] [reviews] Grocery_and_Gourmet_Food: 9,400,000 rows so far (48,695 rows/s)
2026-08-25 08:12:30 [INFO] [reviews] Grocery_and_Gourmet_Food: 9,600,000 rows so far (48,758 rows/s)
2026-08-25 08:12:34 [INFO] [reviews] Grocery_and_Gourmet_Food: 9,800,000 rows so far (48,767 rows/s)
2026-08-25 08:12:38 [INFO] [reviews] Grocery_and_Gourmet_Food: 10,000,000 rows so far (48,791 rows/s)
2026-08-25 08:12:42 [INFO] [reviews] Grocery_and_Gourmet_Food: 10,200,000 rows so far (48,785 rows/s)
2026-08-25 08:12:46 [INFO] [reviews] Grocery_and_Gourmet_Food: 10,400,000 rows so far (48,785 rows/s)
2026-08-25 08:12:52 [INFO] [reviews] Grocery_and_Gourmet_Food: 10,600,000 rows so far (48,325 rows/s)
2026-08-25 08:12:56 [INFO] [reviews] Grocery_and_Gourmet_Food: 10,800,000 rows so far (48,305 rows/s)
2026-08-25 08:13:04 [INFO] [reviews] Grocery_and_Gourmet_Food: 11,000,000 rows so far (47,538 rows/s)
2026-08-25 08:13:08 [INFO] [reviews] Grocery_and_Gourmet_Food: 11,200,000 rows so far (47,608 rows/s)
2026-08-25 08:13:12 [INFO] [reviews] Grocery_and_Gourmet_Food: 11,400,000 rows so far (47,679 rows/s)
2026-08-25 08:13:16 [INFO] [reviews] Grocery_and_Gourmet_Food: 11,600,000 rows so far (47,713 rows/s)
2026-08-25 08:13:20 [INFO] [reviews] Grocery_and_Gourmet_Food: 11,800,000 rows so far (47,760 rows/s)
2026-08-25 08:13:24 [INFO] [reviews] Grocery_and_Gourmet_Food: 12,000,000 rows so far (47,809 rows/s)
2026-08-25 08:13:28 [INFO] [reviews] Grocery_and_Gourmet_Food: 12,200,000 rows so far (47,832 rows/s)
2026-08-25 08:13:32 [INFO] [reviews] Grocery_and_Gourmet_Food: 12,400,000 rows so far (47,885 rows/s)
2026-08-25 08:13:36 [INFO] [reviews] Grocery_and_Gourmet_Food: 12,600,000 rows so far (47,933 rows/s)
2026-08-25 08:13:40 [INFO] [reviews] Grocery_and_Gourmet_Food: 12,800,000 rows so far (47,983 rows/s)
2026-08-25 08:13:43 [INFO] [reviews] Grocery_and_Gourmet_Food: 13,000,000 rows so far (48,036 rows/s)
2026-08-25 08:13:47 [INFO] [reviews] Grocery_and_Gourmet_Food: 13,200,000 rows so far (48,086 rows/s)
2026-08-25 08:13:51 [INFO] [reviews] Grocery_and_Gourmet_Food: 13,400,000 rows so far (48,109 rows/s)
2026-08-25 08:13:55 [INFO] [reviews] Grocery_and_Gourmet_Food: 13,600,000 rows so far (48,152 rows/s)
2026-08-25 08:13:59 [INFO] [reviews] Grocery_and_Gourmet_Food: 13,800,000 rows so far (48,163 rows/s)
2026-08-25 08:14:03 [INFO] [reviews] Grocery_and_Gourmet_Food: 14,000,000 rows so far (48,177 rows/s)
2026-08-25 08:14:07 [INFO] [reviews] Grocery_and_Gourmet_Food: 14,200,000 rows so far (48,189 rows/s)
2026-08-25 08:14:10 [INFO] [reviews] Grocery_and_Gourmet_Food: wrote 14,318,520 rows in 297.2s -> /kaggle/working/amazon2023/reviews_by_category/Grocery_and_Gourmet_Food.parquet
2026-08-25 08:14:10 [INFO] [meta] Grocery_and_Gourmet_Food: starting download from https://mcauleylab.ucsd.edu/public_datasets/data/amazon_2023/raw/meta_categories/meta_Grocery_and_Gourmet_Food.jsonl.gz
2026-08-25 08:14:31 [INFO] [meta] Grocery_and_Gourmet_Food: 200,000 rows so far (9,461 rows/s)
2026-08-25 08:14:50 [INFO] [meta] Grocery_and_Gourmet_Food: 400,000 rows so far (9,952 rows/s)
2026-08-25 08:15:08 [INFO] [meta] Grocery_and_Gourmet_Food: 600,000 rows so far (10,344 rows/s)
2026-08-25 08:15:08 [INFO] [meta] Grocery_and_Gourmet_Food: wrote 603,274 rows in 58.3s -> /kaggle/working/amazon2023/meta_by_category/Grocery_and_Gourmet_Food.parquet
2026-08-25 08:15:08 [INFO] Current output size: 10.58 GB
2026-08-25 08:15:08 [INFO] [reviews] Handmade_Products: starting download from https://mcauleylab.ucsd.edu/public_datasets/data/amazon_2023/raw/review_categories/Handmade_Products.jsonl.gz
2026-08-25 08:15:13 [INFO] [reviews] Handmade_Products: 200,000 rows so far (44,932 rows/s)
2026-08-25 08:15:17 [INFO] [reviews] Handmade_Products: 400,000 rows so far (46,765 rows/s)
2026-08-25 08:15:21 [INFO] [reviews] Handmade_Products: 600,000 rows so far (47,280 rows/s)
2026-08-25 08:15:22 [INFO] [reviews] Handmade_Products: wrote 664,162 rows in 14.1s -> /kaggle/working/amazon2023/reviews_by_category/Handmade_Products.parquet
2026-08-25 08:15:22 [INFO] [meta] Handmade_Products: starting download from https://mcauleylab.ucsd.edu/public_datasets/data/amazon_2023/raw/meta_categories/meta_Handmade_Products.jsonl.gz
2026-08-25 08:15:38 [INFO] [meta] Handmade_Products: wrote 164,817 rows in 15.9s -> /kaggle/working/amazon2023/meta_by_category/Handmade_Products.parquet
2026-08-25 08:15:38 [INFO] Current output size: 10.65 GB
2026-08-25 08:15:38 [INFO] [reviews] Health_and_Household: starting download from https://mcauleylab.ucsd.edu/public_datasets/data/amazon_2023/raw/review_categories/Health_and_Household.jsonl.gz
2026-08-25 08:15:43 [INFO] [reviews] Health_and_Household: 200,000 rows so far (42,565 rows/s)
2026-08-25 08:15:47 [INFO] [reviews] Health_and_Household: 400,000 rows so far (46,448 rows/s)
2026-08-25 08:15:51 [INFO] [reviews] Health_and_Household: 600,000 rows so far (47,110 rows/s)
2026-08-25 08:15:55 [INFO] [reviews] Health_and_Household: 800,000 rows so far (47,997 rows/s)
2026-08-25 08:15:59 [INFO] [reviews] Health_and_Household: 1,000,000 rows so far (48,099 rows/s)
2026-08-25 08:16:03 [INFO] [reviews] Health_and_Household: 1,200,000 rows so far (48,131 rows/s)
2026-08-25 08:16:07 [INFO] [reviews] Health_and_Household: 1,400,000 rows so far (48,444 rows/s)
2026-08-25 08:16:11 [INFO] [reviews] Health_and_Household: 1,600,000 rows so far (48,514 rows/s)
2026-08-25 08:16:15 [INFO] [reviews] Health_and_Household: 1,800,000 rows so far (48,655 rows/s)
2026-08-25 08:16:19 [INFO] [reviews] Health_and_Household: 2,000,000 rows so far (48,688 rows/s)
2026-08-25 08:16:23 [INFO] [reviews] Health_and_Household: 2,200,000 rows so far (48,760 rows/s)
2026-08-25 08:16:27 [INFO] [reviews] Health_and_Household: 2,400,000 rows so far (48,726 rows/s)
2026-08-25 08:16:31 [INFO] [reviews] Health_and_Household: 2,600,000 rows so far (48,757 rows/s)
2026-08-25 08:16:35 [INFO] [reviews] Health_and_Household: 2,800,000 rows so far (48,880 rows/s)
2026-08-25 08:16:39 [INFO] [reviews] Health_and_Household: 3,000,000 rows so far (48,952 rows/s)
2026-08-25 08:16:43 [INFO] [reviews] Health_and_Household: 3,200,000 rows so far (49,018 rows/s)
2026-08-25 08:16:47 [INFO] [reviews] Health_and_Household: 3,400,000 rows so far (49,038 rows/s)
2026-08-25 08:16:51 [INFO] [reviews] Health_and_Household: 3,600,000 rows so far (49,084 rows/s)
2026-08-25 08:16:56 [INFO] [reviews] Health_and_Household: 3,800,000 rows so far (49,113 rows/s)
2026-08-25 08:16:59 [INFO] [reviews] Health_and_Household: 4,000,000 rows so far (49,205 rows/s)
2026-08-25 08:17:04 [INFO] [reviews] Health_and_Household: 4,200,000 rows so far (49,201 rows/s)
2026-08-25 08:17:07 [INFO] [reviews] Health_and_Household: 4,400,000 rows so far (49,286 rows/s)
2026-08-25 08:17:11 [INFO] [reviews] Health_and_Household: 4,600,000 rows so far (49,307 rows/s)
2026-08-25 08:17:15 [INFO] [reviews] Health_and_Household: 4,800,000 rows so far (49,337 rows/s)
2026-08-25 08:17:19 [INFO] [reviews] Health_and_Household: 5,000,000 rows so far (49,361 rows/s)
2026-08-25 08:17:23 [INFO] [reviews] Health_and_Household: 5,200,000 rows so far (49,397 rows/s)
2026-08-25 08:17:28 [INFO] [reviews] Health_and_Household: 5,400,000 rows so far (49,269 rows/s)
2026-08-25 08:17:32 [INFO] [reviews] Health_and_Household: 5,600,000 rows so far (49,191 rows/s)
2026-08-25 08:17:36 [INFO] [reviews] Health_and_Household: 5,800,000 rows so far (49,211 rows/s)
2026-08-25 08:17:40 [INFO] [reviews] Health_and_Household: 6,000,000 rows so far (49,238 rows/s)
2026-08-25 08:17:44 [INFO] [reviews] Health_and_Household: 6,200,000 rows so far (49,289 rows/s)
2026-08-25 08:17:48 [INFO] [reviews] Health_and_Household: 6,400,000 rows so far (49,320 rows/s)
2026-08-25 08:17:52 [INFO] [reviews] Health_and_Household: 6,600,000 rows so far (49,367 rows/s)
2026-08-25 08:17:56 [INFO] [reviews] Health_and_Household: 6,800,000 rows so far (49,390 rows/s)
2026-08-25 08:18:00 [INFO] [reviews] Health_and_Household: 7,000,000 rows so far (49,380 rows/s)
2026-08-25 08:18:04 [INFO] [reviews] Health_and_Household: 7,200,000 rows so far (49,393 rows/s)
2026-08-25 08:18:08 [INFO] [reviews] Health_and_Household: 7,400,000 rows so far (49,396 rows/s)
2026-08-25 08:18:12 [INFO] [reviews] Health_and_Household: 7,600,000 rows so far (49,408 rows/s)
2026-08-25 08:18:16 [INFO] [reviews] Health_and_Household: 7,800,000 rows so far (49,431 rows/s)
2026-08-25 08:18:20 [INFO] [reviews] Health_and_Household: 8,000,000 rows so far (49,429 rows/s)
2026-08-25 08:18:24 [INFO] [reviews] Health_and_Household: 8,200,000 rows so far (49,448 rows/s)
2026-08-25 08:18:28 [INFO] [reviews] Health_and_Household: 8,400,000 rows so far (49,419 rows/s)
2026-08-25 08:18:32 [INFO] [reviews] Health_and_Household: 8,600,000 rows so far (49,414 rows/s)
2026-08-25 08:18:36 [INFO] [reviews] Health_and_Household: 8,800,000 rows so far (49,406 rows/s)
2026-08-25 08:18:40 [INFO] [reviews] Health_and_Household: 9,000,000 rows so far (49,386 rows/s)
2026-08-25 08:18:44 [INFO] [reviews] Health_and_Household: 9,200,000 rows so far (49,380 rows/s)
2026-08-25 08:18:48 [INFO] [reviews] Health_and_Household: 9,400,000 rows so far (49,382 rows/s)
2026-08-25 08:18:53 [INFO] [reviews] Health_and_Household: 9,600,000 rows so far (49,393 rows/s)
2026-08-25 08:18:57 [INFO] [reviews] Health_and_Household: 9,800,000 rows so far (49,340 rows/s)
2026-08-25 08:19:01 [INFO] [reviews] Health_and_Household: 10,000,000 rows so far (49,370 rows/s)
2026-08-25 08:19:05 [INFO] [reviews] Health_and_Household: 10,200,000 rows so far (49,403 rows/s)
2026-08-25 08:19:09 [INFO] [reviews] Health_and_Household: 10,400,000 rows so far (49,411 rows/s)
2026-08-25 08:19:13 [INFO] [reviews] Health_and_Household: 10,600,000 rows so far (49,426 rows/s)
2026-08-25 08:19:16 [INFO] [reviews] Health_and_Household: 10,800,000 rows so far (49,464 rows/s)
2026-08-25 08:19:20 [INFO] [reviews] Health_and_Household: 11,000,000 rows so far (49,481 rows/s)
2026-08-25 08:19:24 [INFO] [reviews] Health_and_Household: 11,200,000 rows so far (49,501 rows/s)
2026-08-25 08:19:28 [INFO] [reviews] Health_and_Household: 11,400,000 rows so far (49,498 rows/s)
2026-08-25 08:19:33 [INFO] [reviews] Health_and_Household: 11,600,000 rows so far (49,483 rows/s)
2026-08-25 08:19:36 [INFO] [reviews] Health_and_Household: 11,800,000 rows so far (49,506 rows/s)
2026-08-25 08:19:40 [INFO] [reviews] Health_and_Household: 12,000,000 rows so far (49,528 rows/s)
2026-08-25 08:19:44 [INFO] [reviews] Health_and_Household: 12,200,000 rows so far (49,551 rows/s)
2026-08-25 08:19:48 [INFO] [reviews] Health_and_Household: 12,400,000 rows so far (49,535 rows/s)
2026-08-25 08:19:53 [INFO] [reviews] Health_and_Household: 12,600,000 rows so far (49,528 rows/s)
2026-08-25 08:19:57 [INFO] [reviews] Health_and_Household: 12,800,000 rows so far (49,524 rows/s)
2026-08-25 08:20:01 [INFO] [reviews] Health_and_Household: 13,000,000 rows so far (49,501 rows/s)
2026-08-25 08:20:05 [INFO] [reviews] Health_and_Household: 13,200,000 rows so far (49,491 rows/s)
2026-08-25 08:20:09 [INFO] [reviews] Health_and_Household: 13,400,000 rows so far (49,457 rows/s)
2026-08-25 08:20:13 [INFO] [reviews] Health_and_Household: 13,600,000 rows so far (49,438 rows/s)
2026-08-25 08:20:17 [INFO] [reviews] Health_and_Household: 13,800,000 rows so far (49,402 rows/s)
2026-08-25 08:20:22 [INFO] [reviews] Health_and_Household: 14,000,000 rows so far (49,341 rows/s)
2026-08-25 08:20:26 [INFO] [reviews] Health_and_Household: 14,200,000 rows so far (49,328 rows/s)
2026-08-25 08:20:30 [INFO] [reviews] Health_and_Household: 14,400,000 rows so far (49,319 rows/s)
2026-08-25 08:20:34 [INFO] [reviews] Health_and_Household: 14,600,000 rows so far (49,316 rows/s)
2026-08-25 08:20:38 [INFO] [reviews] Health_and_Household: 14,800,000 rows so far (49,299 rows/s)
2026-08-25 08:20:42 [INFO] [reviews] Health_and_Household: 15,000,000 rows so far (49,315 rows/s)
2026-08-25 08:20:46 [INFO] [reviews] Health_and_Household: 15,200,000 rows so far (49,342 rows/s)
2026-08-25 08:20:50 [INFO] [reviews] Health_and_Household: 15,400,000 rows so far (49,332 rows/s)
2026-08-25 08:20:54 [INFO] [reviews] Health_and_Household: 15,600,000 rows so far (49,329 rows/s)
2026-08-25 08:20:59 [INFO] [reviews] Health_and_Household: 15,800,000 rows so far (49,306 rows/s)
2026-08-25 08:21:03 [INFO] [reviews] Health_and_Household: 16,000,000 rows so far (49,305 rows/s)
2026-08-25 08:21:07 [INFO] [reviews] Health_and_Household: 16,200,000 rows so far (49,316 rows/s)
2026-08-25 08:21:11 [INFO] [reviews] Health_and_Household: 16,400,000 rows so far (49,299 rows/s)
2026-08-25 08:21:15 [INFO] [reviews] Health_and_Household: 16,600,000 rows so far (49,283 rows/s)
2026-08-25 08:21:19 [INFO] [reviews] Health_and_Household: 16,800,000 rows so far (49,267 rows/s)
2026-08-25 08:21:23 [INFO] [reviews] Health_and_Household: 17,000,000 rows so far (49,273 rows/s)
2026-08-25 08:21:27 [INFO] [reviews] Health_and_Household: 17,200,000 rows so far (49,262 rows/s)
2026-08-25 08:21:31 [INFO] [reviews] Health_and_Household: 17,400,000 rows so far (49,268 rows/s)
2026-08-25 08:21:35 [INFO] [reviews] Health_and_Household: 17,600,000 rows so far (49,267 rows/s)
2026-08-25 08:21:39 [INFO] [reviews] Health_and_Household: 17,800,000 rows so far (49,262 rows/s)
2026-08-25 08:21:44 [INFO] [reviews] Health_and_Household: 18,000,000 rows so far (49,260 rows/s)
2026-08-25 08:21:48 [INFO] [reviews] Health_and_Household: 18,200,000 rows so far (49,265 rows/s)
2026-08-25 08:21:52 [INFO] [reviews] Health_and_Household: 18,400,000 rows so far (49,274 rows/s)
2026-08-25 08:21:56 [INFO] [reviews] Health_and_Household: 18,600,000 rows so far (49,286 rows/s)
2026-08-25 08:21:59 [INFO] [reviews] Health_and_Household: 18,800,000 rows so far (49,299 rows/s)
2026-08-25 08:22:04 [INFO] [reviews] Health_and_Household: 19,000,000 rows so far (49,296 rows/s)
2026-08-25 08:22:08 [INFO] [reviews] Health_and_Household: 19,200,000 rows so far (49,307 rows/s)
2026-08-25 08:22:12 [INFO] [reviews] Health_and_Household: 19,400,000 rows so far (49,311 rows/s)
2026-08-25 08:22:16 [INFO] [reviews] Health_and_Household: 19,600,000 rows so far (49,313 rows/s)
2026-08-25 08:22:20 [INFO] [reviews] Health_and_Household: 19,800,000 rows so far (49,260 rows/s)
2026-08-25 08:22:24 [INFO] [reviews] Health_and_Household: 20,000,000 rows so far (49,251 rows/s)
2026-08-25 08:22:28 [INFO] [reviews] Health_and_Household: 20,200,000 rows so far (49,245 rows/s)
2026-08-25 08:22:32 [INFO] [reviews] Health_and_Household: 20,400,000 rows so far (49,242 rows/s)
2026-08-25 08:22:36 [INFO] [reviews] Health_and_Household: 20,600,000 rows so far (49,247 rows/s)
2026-08-25 08:22:41 [INFO] [reviews] Health_and_Household: 20,800,000 rows so far (49,246 rows/s)
2026-08-25 08:22:44 [INFO] [reviews] Health_and_Household: 21,000,000 rows so far (49,264 rows/s)
2026-08-25 08:22:48 [INFO] [reviews] Health_and_Household: 21,200,000 rows so far (49,276 rows/s)
2026-08-25 08:22:52 [INFO] [reviews] Health_and_Household: 21,400,000 rows so far (49,287 rows/s)
2026-08-25 08:22:56 [INFO] [reviews] Health_and_Household: 21,600,000 rows so far (49,308 rows/s)
2026-08-25 08:23:00 [INFO] [reviews] Health_and_Household: 21,800,000 rows so far (49,310 rows/s)
2026-08-25 08:23:04 [INFO] [reviews] Health_and_Household: 22,000,000 rows so far (49,322 rows/s)
2026-08-25 08:23:08 [INFO] [reviews] Health_and_Household: 22,200,000 rows so far (49,329 rows/s)
2026-08-25 08:23:12 [INFO] [reviews] Health_and_Household: 22,400,000 rows so far (49,341 rows/s)
2026-08-25 08:23:16 [INFO] [reviews] Health_and_Household: 22,600,000 rows so far (49,343 rows/s)
2026-08-25 08:23:20 [INFO] [reviews] Health_and_Household: 22,800,000 rows so far (49,342 rows/s)
2026-08-25 08:23:24 [INFO] [reviews] Health_and_Household: 23,000,000 rows so far (49,344 rows/s)
2026-08-25 08:23:28 [INFO] [reviews] Health_and_Household: 23,200,000 rows so far (49,350 rows/s)
2026-08-25 08:23:32 [INFO] [reviews] Health_and_Household: 23,400,000 rows so far (49,361 rows/s)
2026-08-25 08:23:36 [INFO] [reviews] Health_and_Household: 23,600,000 rows so far (49,367 rows/s)
2026-08-25 08:23:40 [INFO] [reviews] Health_and_Household: 23,800,000 rows so far (49,362 rows/s)
2026-08-25 08:23:45 [INFO] [reviews] Health_and_Household: 24,000,000 rows so far (49,341 rows/s)
2026-08-25 08:23:53 [INFO] [reviews] Health_and_Household: 24,200,000 rows so far (48,897 rows/s)
2026-08-25 08:23:57 [INFO] [reviews] Health_and_Household: 24,400,000 rows so far (48,918 rows/s)
2026-08-25 08:24:01 [INFO] [reviews] Health_and_Household: 24,600,000 rows so far (48,931 rows/s)
2026-08-25 08:24:05 [INFO] [reviews] Health_and_Household: 24,800,000 rows so far (48,949 rows/s)
2026-08-25 08:24:09 [INFO] [reviews] Health_and_Household: 25,000,000 rows so far (48,962 rows/s)
2026-08-25 08:24:13 [INFO] [reviews] Health_and_Household: 25,200,000 rows so far (48,976 rows/s)
2026-08-25 08:24:17 [INFO] [reviews] Health_and_Household: 25,400,000 rows so far (48,997 rows/s)
2026-08-25 08:24:20 [INFO] [reviews] Health_and_Household: 25,600,000 rows so far (49,009 rows/s)
2026-08-25 08:24:21 [INFO] [reviews] Health_and_Household: wrote 25,631,345 rows in 523.0s -> /kaggle/working/amazon2023/reviews_by_category/Health_and_Household.parquet
2026-08-25 08:24:21 [INFO] [meta] Health_and_Household: starting download from https://mcauleylab.ucsd.edu/public_datasets/data/amazon_2023/raw/meta_categories/meta_Health_and_Household.jsonl.gz
2026-08-25 08:24:46 [INFO] [meta] Health_and_Household: 200,000 rows so far (7,920 rows/s)
2026-08-25 08:25:11 [INFO] [meta] Health_and_Household: 400,000 rows so far (8,001 rows/s)
2026-08-25 08:25:34 [INFO] [meta] Health_and_Household: 600,000 rows so far (8,258 rows/s)
2026-08-25 08:25:54 [INFO] [meta] Health_and_Household: wrote 797,563 rows in 93.0s -> /kaggle/working/amazon2023/meta_by_category/Health_and_Household.parquet
2026-08-25 08:25:54 [INFO] Current output size: 11.36 GB
2026-08-25 08:25:54 [INFO] [reviews] Health_and_Personal_Care: starting download from https://mcauleylab.ucsd.edu/public_datasets/data/amazon_2023/raw/review_categories/Health_and_Personal_Care.jsonl.gz
2026-08-25 08:25:59 [INFO] [reviews] Health_and_Personal_Care: 200,000 rows so far (45,377 rows/s)
2026-08-25 08:26:03 [INFO] [reviews] Health_and_Personal_Care: 400,000 rows so far (47,323 rows/s)
2026-08-25 08:26:05 [INFO] [reviews] Health_and_Personal_Care: wrote 494,121 rows in 10.3s -> /kaggle/working/amazon2023/reviews_by_category/Health_and_Personal_Care.parquet
2026-08-25 08:26:05 [INFO] [meta] Health_and_Personal_Care: starting download from https://mcauleylab.ucsd.edu/public_datasets/data/amazon_2023/raw/meta_categories/meta_Health_and_Personal_Care.jsonl.gz
2026-08-25 08:26:10 [INFO] [meta] Health_and_Personal_Care: wrote 60,293 rows in 5.0s -> /kaggle/working/amazon2023/meta_by_category/Health_and_Personal_Care.parquet
2026-08-25 08:26:10 [INFO] Current output size: 11.38 GB
2026-08-25 08:26:10 [INFO] [reviews] Home_and_Kitchen: starting download from https://mcauleylab.ucsd.edu/public_datasets/data/amazon_2023/raw/review_categories/Home_and_Kitchen.jsonl.gz
2026-08-25 08:26:14 [INFO] [reviews] Home_and_Kitchen: 200,000 rows so far (41,490 rows/s)
2026-08-25 08:26:19 [INFO] [reviews] Home_and_Kitchen: 400,000 rows so far (43,521 rows/s)
2026-08-25 08:26:23 [INFO] [reviews] Home_and_Kitchen: 600,000 rows so far (45,381 rows/s)
2026-08-25 08:26:27 [INFO] [reviews] Home_and_Kitchen: 800,000 rows so far (46,100 rows/s)
2026-08-25 08:26:31 [INFO] [reviews] Home_and_Kitchen: 1,000,000 rows so far (46,451 rows/s)
2026-08-25 08:26:35 [INFO] [reviews] Home_and_Kitchen: 1,200,000 rows so far (46,623 rows/s)
2026-08-25 08:26:40 [INFO] [reviews] Home_and_Kitchen: 1,400,000 rows so far (46,433 rows/s)
2026-08-25 08:26:44 [INFO] [reviews] Home_and_Kitchen: 1,600,000 rows so far (46,646 rows/s)
2026-08-25 08:26:48 [INFO] [reviews] Home_and_Kitchen: 1,800,000 rows so far (46,744 rows/s)
2026-08-25 08:26:52 [INFO] [reviews] Home_and_Kitchen: 2,000,000 rows so far (46,768 rows/s)
2026-08-25 08:26:57 [INFO] [reviews] Home_and_Kitchen: 2,200,000 rows so far (46,833 rows/s)
2026-08-25 08:27:01 [INFO] [reviews] Home_and_Kitchen: 2,400,000 rows so far (46,915 rows/s)
2026-08-25 08:27:05 [INFO] [reviews] Home_and_Kitchen: 2,600,000 rows so far (47,030 rows/s)
2026-08-25 08:27:09 [INFO] [reviews] Home_and_Kitchen: 2,800,000 rows so far (46,982 rows/s)
2026-08-25 08:27:13 [INFO] [reviews] Home_and_Kitchen: 3,000,000 rows so far (47,021 rows/s)
2026-08-25 08:27:18 [INFO] [reviews] Home_and_Kitchen: 3,200,000 rows so far (47,041 rows/s)
2026-08-25 08:27:22 [INFO] [reviews] Home_and_Kitchen: 3,400,000 rows so far (47,119 rows/s)
2026-08-25 08:27:26 [INFO] [reviews] Home_and_Kitchen: 3,600,000 rows so far (47,252 rows/s)
2026-08-25 08:27:30 [INFO] [reviews] Home_and_Kitchen: 3,800,000 rows so far (47,358 rows/s)
2026-08-25 08:27:34 [INFO] [reviews] Home_and_Kitchen: 4,000,000 rows so far (47,498 rows/s)
2026-08-25 08:27:38 [INFO] [reviews] Home_and_Kitchen: 4,200,000 rows so far (47,587 rows/s)
2026-08-25 08:27:42 [INFO] [reviews] Home_and_Kitchen: 4,400,000 rows so far (47,686 rows/s)
2026-08-25 08:27:46 [INFO] [reviews] Home_and_Kitchen: 4,600,000 rows so far (47,694 rows/s)
2026-08-25 08:27:50 [INFO] [reviews] Home_and_Kitchen: 4,800,000 rows so far (47,689 rows/s)
2026-08-25 08:27:54 [INFO] [reviews] Home_and_Kitchen: 5,000,000 rows so far (47,724 rows/s)
2026-08-25 08:27:59 [INFO] [reviews] Home_and_Kitchen: 5,200,000 rows so far (47,662 rows/s)
2026-08-25 08:28:03 [INFO] [reviews] Home_and_Kitchen: 5,400,000 rows so far (47,649 rows/s)
2026-08-25 08:28:07 [INFO] [reviews] Home_and_Kitchen: 5,600,000 rows so far (47,702 rows/s)
2026-08-25 08:28:11 [INFO] [reviews] Home_and_Kitchen: 5,800,000 rows so far (47,695 rows/s)
2026-08-25 08:28:15 [INFO] [reviews] Home_and_Kitchen: 6,000,000 rows so far (47,732 rows/s)
2026-08-25 08:28:19 [INFO] [reviews] Home_and_Kitchen: 6,200,000 rows so far (47,758 rows/s)
2026-08-25 08:28:23 [INFO] [reviews] Home_and_Kitchen: 6,400,000 rows so far (47,804 rows/s)
2026-08-25 08:28:28 [INFO] [reviews] Home_and_Kitchen: 6,600,000 rows so far (47,810 rows/s)
2026-08-25 08:28:32 [INFO] [reviews] Home_and_Kitchen: 6,800,000 rows so far (47,813 rows/s)
2026-08-25 08:28:36 [INFO] [reviews] Home_and_Kitchen: 7,000,000 rows so far (47,865 rows/s)
2026-08-25 08:28:40 [INFO] [reviews] Home_and_Kitchen: 7,200,000 rows so far (47,914 rows/s)
2026-08-25 08:28:44 [INFO] [reviews] Home_and_Kitchen: 7,400,000 rows so far (47,948 rows/s)
2026-08-25 08:28:48 [INFO] [reviews] Home_and_Kitchen: 7,600,000 rows so far (47,921 rows/s)
2026-08-25 08:28:52 [INFO] [reviews] Home_and_Kitchen: 7,800,000 rows so far (47,911 rows/s)
2026-08-25 08:28:57 [INFO] [reviews] Home_and_Kitchen: 8,000,000 rows so far (47,895 rows/s)
2026-08-25 08:29:01 [INFO] [reviews] Home_and_Kitchen: 8,200,000 rows so far (47,856 rows/s)
2026-08-25 08:29:05 [INFO] [reviews] Home_and_Kitchen: 8,400,000 rows so far (47,832 rows/s)
2026-08-25 08:29:09 [INFO] [reviews] Home_and_Kitchen: 8,600,000 rows so far (47,847 rows/s)
2026-08-25 08:29:13 [INFO] [reviews] Home_and_Kitchen: 8,800,000 rows so far (47,853 rows/s)
2026-08-25 08:29:17 [INFO] [reviews] Home_and_Kitchen: 9,000,000 rows so far (47,885 rows/s)
2026-08-25 08:29:22 [INFO] [reviews] Home_and_Kitchen: 9,200,000 rows so far (47,895 rows/s)
2026-08-25 08:29:26 [INFO] [reviews] Home_and_Kitchen: 9,400,000 rows so far (47,929 rows/s)
2026-08-25 08:29:30 [INFO] [reviews] Home_and_Kitchen: 9,600,000 rows so far (47,928 rows/s)
2026-08-25 08:29:34 [INFO] [reviews] Home_and_Kitchen: 9,800,000 rows so far (47,942 rows/s)
2026-08-25 08:29:38 [INFO] [reviews] Home_and_Kitchen: 10,000,000 rows so far (47,948 rows/s)
2026-08-25 08:29:42 [INFO] [reviews] Home_and_Kitchen: 10,200,000 rows so far (47,959 rows/s)
2026-08-25 08:29:46 [INFO] [reviews] Home_and_Kitchen: 10,400,000 rows so far (48,004 rows/s)
2026-08-25 08:29:50 [INFO] [reviews] Home_and_Kitchen: 10,600,000 rows so far (48,029 rows/s)
2026-08-25 08:29:54 [INFO] [reviews] Home_and_Kitchen: 10,800,000 rows so far (48,047 rows/s)
2026-08-25 08:29:58 [INFO] [reviews] Home_and_Kitchen: 11,000,000 rows so far (48,055 rows/s)
2026-08-25 08:30:03 [INFO] [reviews] Home_and_Kitchen: 11,200,000 rows so far (48,049 rows/s)
2026-08-25 08:30:07 [INFO] [reviews] Home_and_Kitchen: 11,400,000 rows so far (48,037 rows/s)
2026-08-25 08:30:11 [INFO] [reviews] Home_and_Kitchen: 11,600,000 rows so far (48,024 rows/s)
2026-08-25 08:30:15 [INFO] [reviews] Home_and_Kitchen: 11,800,000 rows so far (48,026 rows/s)
2026-08-25 08:30:19 [INFO] [reviews] Home_and_Kitchen: 12,000,000 rows so far (48,036 rows/s)
2026-08-25 08:30:24 [INFO] [reviews] Home_and_Kitchen: 12,200,000 rows so far (48,023 rows/s)
2026-08-25 08:30:28 [INFO] [reviews] Home_and_Kitchen: 12,400,000 rows so far (47,996 rows/s)
2026-08-25 08:30:32 [INFO] [reviews] Home_and_Kitchen: 12,600,000 rows so far (47,947 rows/s)
2026-08-25 08:30:37 [INFO] [reviews] Home_and_Kitchen: 12,800,000 rows so far (47,918 rows/s)
2026-08-25 08:30:41 [INFO] [reviews] Home_and_Kitchen: 13,000,000 rows so far (47,875 rows/s)
2026-08-25 08:30:45 [INFO] [reviews] Home_and_Kitchen: 13,200,000 rows so far (47,879 rows/s)
2026-08-25 08:30:50 [INFO] [reviews] Home_and_Kitchen: 13,400,000 rows so far (47,837 rows/s)
2026-08-25 08:30:54 [INFO] [reviews] Home_and_Kitchen: 13,600,000 rows so far (47,865 rows/s)
2026-08-25 08:30:58 [INFO] [reviews] Home_and_Kitchen: 13,800,000 rows so far (47,888 rows/s)
2026-08-25 08:31:02 [INFO] [reviews] Home_and_Kitchen: 14,000,000 rows so far (47,912 rows/s)
2026-08-25 08:31:06 [INFO] [reviews] Home_and_Kitchen: 14,200,000 rows so far (47,946 rows/s)
2026-08-25 08:31:10 [INFO] [reviews] Home_and_Kitchen: 14,400,000 rows so far (47,964 rows/s)
2026-08-25 08:31:14 [INFO] [reviews] Home_and_Kitchen: 14,600,000 rows so far (47,991 rows/s)
2026-08-25 08:31:18 [INFO] [reviews] Home_and_Kitchen: 14,800,000 rows so far (48,021 rows/s)
2026-08-25 08:31:22 [INFO] [reviews] Home_and_Kitchen: 15,000,000 rows so far (48,054 rows/s)
2026-08-25 08:31:26 [INFO] [reviews] Home_and_Kitchen: 15,200,000 rows so far (48,075 rows/s)
2026-08-25 08:31:30 [INFO] [reviews] Home_and_Kitchen: 15,400,000 rows so far (48,080 rows/s)
2026-08-25 08:31:34 [INFO] [reviews] Home_and_Kitchen: 15,600,000 rows so far (48,089 rows/s)
2026-08-25 08:31:38 [INFO] [reviews] Home_and_Kitchen: 15,800,000 rows so far (48,085 rows/s)
2026-08-25 08:31:42 [INFO] [reviews] Home_and_Kitchen: 16,000,000 rows so far (48,089 rows/s)
2026-08-25 08:31:46 [INFO] [reviews] Home_and_Kitchen: 16,200,000 rows so far (48,103 rows/s)
2026-08-25 08:31:50 [INFO] [reviews] Home_and_Kitchen: 16,400,000 rows so far (48,104 rows/s)
2026-08-25 08:31:55 [INFO] [reviews] Home_and_Kitchen: 16,600,000 rows so far (48,103 rows/s)
2026-08-25 08:31:59 [INFO] [reviews] Home_and_Kitchen: 16,800,000 rows so far (48,093 rows/s)
2026-08-25 08:32:03 [INFO] [reviews] Home_and_Kitchen: 17,000,000 rows so far (48,076 rows/s)
2026-08-25 08:32:07 [INFO] [reviews] Home_and_Kitchen: 17,200,000 rows so far (48,062 rows/s)
2026-08-25 08:32:12 [INFO] [reviews] Home_and_Kitchen: 17,400,000 rows so far (48,038 rows/s)
2026-08-25 08:32:16 [INFO] [reviews] Home_and_Kitchen: 17,600,000 rows so far (48,032 rows/s)
2026-08-25 08:32:20 [INFO] [reviews] Home_and_Kitchen: 17,800,000 rows so far (48,053 rows/s)
2026-08-25 08:32:24 [INFO] [reviews] Home_and_Kitchen: 18,000,000 rows so far (48,079 rows/s)
2026-08-25 08:32:28 [INFO] [reviews] Home_and_Kitchen: 18,200,000 rows so far (48,102 rows/s)
2026-08-25 08:32:32 [INFO] [reviews] Home_and_Kitchen: 18,400,000 rows so far (48,133 rows/s)
2026-08-25 08:32:36 [INFO] [reviews] Home_and_Kitchen: 18,600,000 rows so far (48,162 rows/s)
2026-08-25 08:32:40 [INFO] [reviews] Home_and_Kitchen: 18,800,000 rows so far (48,181 rows/s)
2026-08-25 08:32:44 [INFO] [reviews] Home_and_Kitchen: 19,000,000 rows so far (48,203 rows/s)
2026-08-25 08:32:48 [INFO] [reviews] Home_and_Kitchen: 19,200,000 rows so far (48,228 rows/s)
2026-08-25 08:32:52 [INFO] [reviews] Home_and_Kitchen: 19,400,000 rows so far (48,250 rows/s)
2026-08-25 08:32:56 [INFO] [reviews] Home_and_Kitchen: 19,600,000 rows so far (48,267 rows/s)
2026-08-25 08:33:00 [INFO] [reviews] Home_and_Kitchen: 19,800,000 rows so far (48,267 rows/s)
2026-08-25 08:33:04 [INFO] [reviews] Home_and_Kitchen: 20,000,000 rows so far (48,281 rows/s)
2026-08-25 08:33:08 [INFO] [reviews] Home_and_Kitchen: 20,200,000 rows so far (48,297 rows/s)
2026-08-25 08:33:12 [INFO] [reviews] Home_and_Kitchen: 20,400,000 rows so far (48,312 rows/s)
2026-08-25 08:33:16 [INFO] [reviews] Home_and_Kitchen: 20,600,000 rows so far (48,324 rows/s)
2026-08-25 08:33:20 [INFO] [reviews] Home_and_Kitchen: 20,800,000 rows so far (48,324 rows/s)
2026-08-25 08:33:24 [INFO] [reviews] Home_and_Kitchen: 21,000,000 rows so far (48,314 rows/s)
2026-08-25 08:33:28 [INFO] [reviews] Home_and_Kitchen: 21,200,000 rows so far (48,311 rows/s)
2026-08-25 08:33:32 [INFO] [reviews] Home_and_Kitchen: 21,400,000 rows so far (48,320 rows/s)
2026-08-25 08:33:36 [INFO] [reviews] Home_and_Kitchen: 21,600,000 rows so far (48,337 rows/s)
2026-08-25 08:33:40 [INFO] [reviews] Home_and_Kitchen: 21,800,000 rows so far (48,350 rows/s)
2026-08-25 08:33:44 [INFO] [reviews] Home_and_Kitchen: 22,000,000 rows so far (48,361 rows/s)
2026-08-25 08:33:49 [INFO] [reviews] Home_and_Kitchen: 22,200,000 rows so far (48,368 rows/s)
2026-08-25 08:33:53 [INFO] [reviews] Home_and_Kitchen: 22,400,000 rows so far (48,381 rows/s)
2026-08-25 08:33:57 [INFO] [reviews] Home_and_Kitchen: 22,600,000 rows so far (48,385 rows/s)
2026-08-25 08:34:01 [INFO] [reviews] Home_and_Kitchen: 22,800,000 rows so far (48,395 rows/s)
2026-08-25 08:34:05 [INFO] [reviews] Home_and_Kitchen: 23,000,000 rows so far (48,400 rows/s)
2026-08-25 08:34:09 [INFO] [reviews] Home_and_Kitchen: 23,200,000 rows so far (48,402 rows/s)
2026-08-25 08:34:13 [INFO] [reviews] Home_and_Kitchen: 23,400,000 rows so far (48,373 rows/s)
2026-08-25 08:34:17 [INFO] [reviews] Home_and_Kitchen: 23,600,000 rows so far (48,367 rows/s)
2026-08-25 08:34:22 [INFO] [reviews] Home_and_Kitchen: 23,800,000 rows so far (48,370 rows/s)
2026-08-25 08:34:26 [INFO] [reviews] Home_and_Kitchen: 24,000,000 rows so far (48,373 rows/s)
2026-08-25 08:34:30 [INFO] [reviews] Home_and_Kitchen: 24,200,000 rows so far (48,381 rows/s)
2026-08-25 08:34:34 [INFO] [reviews] Home_and_Kitchen: 24,400,000 rows so far (48,376 rows/s)
2026-08-25 08:34:38 [INFO] [reviews] Home_and_Kitchen: 24,600,000 rows so far (48,371 rows/s)
2026-08-25 08:34:42 [INFO] [reviews] Home_and_Kitchen: 24,800,000 rows so far (48,375 rows/s)
2026-08-25 08:34:46 [INFO] [reviews] Home_and_Kitchen: 25,000,000 rows so far (48,375 rows/s)
2026-08-25 08:34:50 [INFO] [reviews] Home_and_Kitchen: 25,200,000 rows so far (48,377 rows/s)
2026-08-25 08:34:55 [INFO] [reviews] Home_and_Kitchen: 25,400,000 rows so far (48,382 rows/s)
2026-08-25 08:34:59 [INFO] [reviews] Home_and_Kitchen: 25,600,000 rows so far (48,387 rows/s)
2026-08-25 08:35:03 [INFO] [reviews] Home_and_Kitchen: 25,800,000 rows so far (48,396 rows/s)
2026-08-25 08:35:07 [INFO] [reviews] Home_and_Kitchen: 26,000,000 rows so far (48,400 rows/s)
2026-08-25 08:35:11 [INFO] [reviews] Home_and_Kitchen: 26,200,000 rows so far (48,408 rows/s)
2026-08-25 08:35:15 [INFO] [reviews] Home_and_Kitchen: 26,400,000 rows so far (48,423 rows/s)
2026-08-25 08:35:19 [INFO] [reviews] Home_and_Kitchen: 26,600,000 rows so far (48,431 rows/s)
2026-08-25 08:35:23 [INFO] [reviews] Home_and_Kitchen: 26,800,000 rows so far (48,443 rows/s)
2026-08-25 08:35:27 [INFO] [reviews] Home_and_Kitchen: 27,000,000 rows so far (48,447 rows/s)
2026-08-25 08:35:31 [INFO] [reviews] Home_and_Kitchen: 27,200,000 rows so far (48,456 rows/s)
2026-08-25 08:35:35 [INFO] [reviews] Home_and_Kitchen: 27,400,000 rows so far (48,464 rows/s)
2026-08-25 08:35:39 [INFO] [reviews] Home_and_Kitchen: 27,600,000 rows so far (48,464 rows/s)
2026-08-25 08:35:43 [INFO] [reviews] Home_and_Kitchen: 27,800,000 rows so far (48,478 rows/s)
2026-08-25 08:35:47 [INFO] [reviews] Home_and_Kitchen: 28,000,000 rows so far (48,495 rows/s)
2026-08-25 08:35:51 [INFO] [reviews] Home_and_Kitchen: 28,200,000 rows so far (48,480 rows/s)
2026-08-25 08:35:55 [INFO] [reviews] Home_and_Kitchen: 28,400,000 rows so far (48,474 rows/s)
2026-08-25 08:36:00 [INFO] [reviews] Home_and_Kitchen: 28,600,000 rows so far (48,468 rows/s)
2026-08-25 08:36:04 [INFO] [reviews] Home_and_Kitchen: 28,800,000 rows so far (48,459 rows/s)
2026-08-25 08:36:08 [INFO] [reviews] Home_and_Kitchen: 29,000,000 rows so far (48,456 rows/s)
2026-08-25 08:36:12 [INFO] [reviews] Home_and_Kitchen: 29,200,000 rows so far (48,462 rows/s)
2026-08-25 08:36:16 [INFO] [reviews] Home_and_Kitchen: 29,400,000 rows so far (48,470 rows/s)
2026-08-25 08:36:20 [INFO] [reviews] Home_and_Kitchen: 29,600,000 rows so far (48,468 rows/s)
2026-08-25 08:36:24 [INFO] [reviews] Home_and_Kitchen: 29,800,000 rows so far (48,471 rows/s)
2026-08-25 08:36:28 [INFO] [reviews] Home_and_Kitchen: 30,000,000 rows so far (48,470 rows/s)
2026-08-25 08:36:33 [INFO] [reviews] Home_and_Kitchen: 30,200,000 rows so far (48,476 rows/s)
2026-08-25 08:36:37 [INFO] [reviews] Home_and_Kitchen: 30,400,000 rows so far (48,485 rows/s)
2026-08-25 08:36:41 [INFO] [reviews] Home_and_Kitchen: 30,600,000 rows so far (48,482 rows/s)
2026-08-25 08:36:45 [INFO] [reviews] Home_and_Kitchen: 30,800,000 rows so far (48,486 rows/s)
2026-08-25 08:36:49 [INFO] [reviews] Home_and_Kitchen: 31,000,000 rows so far (48,482 rows/s)
2026-08-25 08:36:53 [INFO] [reviews] Home_and_Kitchen: 31,200,000 rows so far (48,482 rows/s)
2026-08-25 08:36:57 [INFO] [reviews] Home_and_Kitchen: 31,400,000 rows so far (48,486 rows/s)
2026-08-25 08:37:01 [INFO] [reviews] Home_and_Kitchen: 31,600,000 rows so far (48,488 rows/s)
2026-08-25 08:37:05 [INFO] [reviews] Home_and_Kitchen: 31,800,000 rows so far (48,494 rows/s)
2026-08-25 08:37:09 [INFO] [reviews] Home_and_Kitchen: 32,000,000 rows so far (48,497 rows/s)
2026-08-25 08:37:13 [INFO] [reviews] Home_and_Kitchen: 32,200,000 rows so far (48,507 rows/s)
2026-08-25 08:37:17 [INFO] [reviews] Home_and_Kitchen: 32,400,000 rows so far (48,516 rows/s)
2026-08-25 08:37:22 [INFO] [reviews] Home_and_Kitchen: 32,600,000 rows so far (48,509 rows/s)
2026-08-25 08:37:26 [INFO] [reviews] Home_and_Kitchen: 32,800,000 rows so far (48,515 rows/s)
2026-08-25 08:37:30 [INFO] [reviews] Home_and_Kitchen: 33,000,000 rows so far (48,519 rows/s)
2026-08-25 08:37:34 [INFO] [reviews] Home_and_Kitchen: 33,200,000 rows so far (48,530 rows/s)
2026-08-25 08:37:38 [INFO] [reviews] Home_and_Kitchen: 33,400,000 rows so far (48,541 rows/s)
2026-08-25 08:37:42 [INFO] [reviews] Home_and_Kitchen: 33,600,000 rows so far (48,546 rows/s)
2026-08-25 08:37:46 [INFO] [reviews] Home_and_Kitchen: 33,800,000 rows so far (48,554 rows/s)
2026-08-25 08:37:50 [INFO] [reviews] Home_and_Kitchen: 34,000,000 rows so far (48,555 rows/s)
2026-08-25 08:37:54 [INFO] [reviews] Home_and_Kitchen: 34,200,000 rows so far (48,567 rows/s)
2026-08-25 08:37:58 [INFO] [reviews] Home_and_Kitchen: 34,400,000 rows so far (48,568 rows/s)
2026-08-25 08:38:04 [INFO] [reviews] Home_and_Kitchen: 34,600,000 rows so far (48,439 rows/s)
2026-08-25 08:38:09 [INFO] [reviews] Home_and_Kitchen: 34,800,000 rows so far (48,359 rows/s)
2026-08-25 08:38:13 [INFO] [reviews] Home_and_Kitchen: 35,000,000 rows so far (48,361 rows/s)
2026-08-25 08:38:17 [INFO] [reviews] Home_and_Kitchen: 35,200,000 rows so far (48,360 rows/s)
2026-08-25 08:38:22 [INFO] [reviews] Home_and_Kitchen: 35,400,000 rows so far (48,358 rows/s)
2026-08-25 08:38:26 [INFO] [reviews] Home_and_Kitchen: 35,600,000 rows so far (48,355 rows/s)
2026-08-25 08:38:30 [INFO] [reviews] Home_and_Kitchen: 35,800,000 rows so far (48,347 rows/s)
2026-08-25 08:38:34 [INFO] [reviews] Home_and_Kitchen: 36,000,000 rows so far (48,351 rows/s)
2026-08-25 08:38:38 [INFO] [reviews] Home_and_Kitchen: 36,200,000 rows so far (48,356 rows/s)
2026-08-25 08:38:42 [INFO] [reviews] Home_and_Kitchen: 36,400,000 rows so far (48,362 rows/s)
2026-08-25 08:38:46 [INFO] [reviews] Home_and_Kitchen: 36,600,000 rows so far (48,360 rows/s)
2026-08-25 08:38:51 [INFO] [reviews] Home_and_Kitchen: 36,800,000 rows so far (48,352 rows/s)
2026-08-25 08:38:55 [INFO] [reviews] Home_and_Kitchen: 37,000,000 rows so far (48,352 rows/s)
2026-08-25 08:38:59 [INFO] [reviews] Home_and_Kitchen: 37,200,000 rows so far (48,350 rows/s)
2026-08-25 08:39:03 [INFO] [reviews] Home_and_Kitchen: 37,400,000 rows so far (48,349 rows/s)
2026-08-25 08:39:07 [INFO] [reviews] Home_and_Kitchen: 37,600,000 rows so far (48,356 rows/s)
2026-08-25 08:39:11 [INFO] [reviews] Home_and_Kitchen: 37,800,000 rows so far (48,359 rows/s)
2026-08-25 08:39:15 [INFO] [reviews] Home_and_Kitchen: 38,000,000 rows so far (48,369 rows/s)
2026-08-25 08:39:19 [INFO] [reviews] Home_and_Kitchen: 38,200,000 rows so far (48,369 rows/s)
2026-08-25 08:39:23 [INFO] [reviews] Home_and_Kitchen: 38,400,000 rows so far (48,370 rows/s)
2026-08-25 08:39:28 [INFO] [reviews] Home_and_Kitchen: 38,600,000 rows so far (48,372 rows/s)
2026-08-25 08:39:32 [INFO] [reviews] Home_and_Kitchen: 38,800,000 rows so far (48,370 rows/s)
2026-08-25 08:39:36 [INFO] [reviews] Home_and_Kitchen: 39,000,000 rows so far (48,374 rows/s)
2026-08-25 08:39:40 [INFO] [reviews] Home_and_Kitchen: 39,200,000 rows so far (48,377 rows/s)
2026-08-25 08:39:44 [INFO] [reviews] Home_and_Kitchen: 39,400,000 rows so far (48,383 rows/s)
2026-08-25 08:39:48 [INFO] [reviews] Home_and_Kitchen: 39,600,000 rows so far (48,386 rows/s)
2026-08-25 08:39:52 [INFO] [reviews] Home_and_Kitchen: 39,800,000 rows so far (48,381 rows/s)
2026-08-25 08:39:56 [INFO] [reviews] Home_and_Kitchen: 40,000,000 rows so far (48,381 rows/s)
2026-08-25 08:40:00 [INFO] [reviews] Home_and_Kitchen: 40,200,000 rows so far (48,383 rows/s)
2026-08-25 08:40:05 [INFO] [reviews] Home_and_Kitchen: 40,400,000 rows so far (48,381 rows/s)
2026-08-25 08:40:09 [INFO] [reviews] Home_and_Kitchen: 40,600,000 rows so far (48,382 rows/s)
2026-08-25 08:40:13 [INFO] [reviews] Home_and_Kitchen: 40,800,000 rows so far (48,381 rows/s)
2026-08-25 08:40:17 [INFO] [reviews] Home_and_Kitchen: 41,000,000 rows so far (48,381 rows/s)
2026-08-25 08:40:21 [INFO] [reviews] Home_and_Kitchen: 41,200,000 rows so far (48,381 rows/s)
2026-08-25 08:40:25 [INFO] [reviews] Home_and_Kitchen: 41,400,000 rows so far (48,374 rows/s)
2026-08-25 08:40:30 [INFO] [reviews] Home_and_Kitchen: 41,600,000 rows so far (48,371 rows/s)
2026-08-25 08:40:34 [INFO] [reviews] Home_and_Kitchen: 41,800,000 rows so far (48,378 rows/s)
2026-08-25 08:40:38 [INFO] [reviews] Home_and_Kitchen: 42,000,000 rows so far (48,383 rows/s)
2026-08-25 08:40:42 [INFO] [reviews] Home_and_Kitchen: 42,200,000 rows so far (48,388 rows/s)
2026-08-25 08:40:46 [INFO] [reviews] Home_and_Kitchen: 42,400,000 rows so far (48,398 rows/s)
2026-08-25 08:40:50 [INFO] [reviews] Home_and_Kitchen: 42,600,000 rows so far (48,398 rows/s)
2026-08-25 08:40:54 [INFO] [reviews] Home_and_Kitchen: 42,800,000 rows so far (48,401 rows/s)
2026-08-25 08:40:58 [INFO] [reviews] Home_and_Kitchen: 43,000,000 rows so far (48,402 rows/s)
2026-08-25 08:41:02 [INFO] [reviews] Home_and_Kitchen: 43,200,000 rows so far (48,403 rows/s)
2026-08-25 08:41:06 [INFO] [reviews] Home_and_Kitchen: 43,400,000 rows so far (48,396 rows/s)
2026-08-25 08:41:11 [INFO] [reviews] Home_and_Kitchen: 43,600,000 rows so far (48,379 rows/s)
2026-08-25 08:41:15 [INFO] [reviews] Home_and_Kitchen: 43,800,000 rows so far (48,383 rows/s)
2026-08-25 08:41:19 [INFO] [reviews] Home_and_Kitchen: 44,000,000 rows so far (48,387 rows/s)
2026-08-25 08:41:23 [INFO] [reviews] Home_and_Kitchen: 44,200,000 rows so far (48,390 rows/s)
2026-08-25 08:41:27 [INFO] [reviews] Home_and_Kitchen: 44,400,000 rows so far (48,389 rows/s)
2026-08-25 08:41:31 [INFO] [reviews] Home_and_Kitchen: 44,600,000 rows so far (48,388 rows/s)
2026-08-25 08:41:36 [INFO] [reviews] Home_and_Kitchen: 44,800,000 rows so far (48,355 rows/s)
2026-08-25 08:41:43 [INFO] [reviews] Home_and_Kitchen: 45,000,000 rows so far (48,225 rows/s)
2026-08-25 08:41:49 [INFO] [reviews] Home_and_Kitchen: 45,200,000 rows so far (48,124 rows/s)
2026-08-25 08:41:57 [INFO] [reviews] Home_and_Kitchen: 45,400,000 rows so far (47,925 rows/s)
2026-08-25 08:42:01 [INFO] [reviews] Home_and_Kitchen: 45,600,000 rows so far (47,924 rows/s)
2026-08-25 08:42:05 [INFO] [reviews] Home_and_Kitchen: 45,800,000 rows so far (47,926 rows/s)
2026-08-25 08:42:09 [INFO] [reviews] Home_and_Kitchen: 46,000,000 rows so far (47,928 rows/s)
2026-08-25 08:42:13 [INFO] [reviews] Home_and_Kitchen: 46,200,000 rows so far (47,933 rows/s)
2026-08-25 08:42:17 [INFO] [reviews] Home_and_Kitchen: 46,400,000 rows so far (47,938 rows/s)
2026-08-25 08:42:22 [INFO] [reviews] Home_and_Kitchen: 46,600,000 rows so far (47,941 rows/s)
2026-08-25 08:42:26 [INFO] [reviews] Home_and_Kitchen: 46,800,000 rows so far (47,944 rows/s)
2026-08-25 08:42:30 [INFO] [reviews] Home_and_Kitchen: 47,000,000 rows so far (47,943 rows/s)
2026-08-25 08:42:34 [INFO] [reviews] Home_and_Kitchen: 47,200,000 rows so far (47,946 rows/s)
2026-08-25 08:42:38 [INFO] [reviews] Home_and_Kitchen: 47,400,000 rows so far (47,953 rows/s)
2026-08-25 08:42:42 [INFO] [reviews] Home_and_Kitchen: 47,600,000 rows so far (47,958 rows/s)
2026-08-25 08:42:46 [INFO] [reviews] Home_and_Kitchen: 47,800,000 rows so far (47,966 rows/s)
2026-08-25 08:42:50 [INFO] [reviews] Home_and_Kitchen: 48,000,000 rows so far (47,965 rows/s)
2026-08-25 08:42:54 [INFO] [reviews] Home_and_Kitchen: 48,200,000 rows so far (47,968 rows/s)
2026-08-25 08:42:59 [INFO] [reviews] Home_and_Kitchen: 48,400,000 rows so far (47,961 rows/s)
2026-08-25 08:43:03 [INFO] [reviews] Home_and_Kitchen: 48,600,000 rows so far (47,959 rows/s)
2026-08-25 08:43:07 [INFO] [reviews] Home_and_Kitchen: 48,800,000 rows so far (47,960 rows/s)
2026-08-25 08:43:11 [INFO] [reviews] Home_and_Kitchen: 49,000,000 rows so far (47,958 rows/s)
2026-08-25 08:43:15 [INFO] [reviews] Home_and_Kitchen: 49,200,000 rows so far (47,960 rows/s)
2026-08-25 08:43:20 [INFO] [reviews] Home_and_Kitchen: 49,400,000 rows so far (47,960 rows/s)
2026-08-25 08:43:24 [INFO] [reviews] Home_and_Kitchen: 49,600,000 rows so far (47,964 rows/s)
2026-08-25 08:43:28 [INFO] [reviews] Home_and_Kitchen: 49,800,000 rows so far (47,963 rows/s)
2026-08-25 08:43:32 [INFO] [reviews] Home_and_Kitchen: 50,000,000 rows so far (47,964 rows/s)
2026-08-25 08:43:36 [INFO] [reviews] Home_and_Kitchen: 50,200,000 rows so far (47,966 rows/s)
2026-08-25 08:43:41 [INFO] [reviews] Home_and_Kitchen: 50,400,000 rows so far (47,943 rows/s)
2026-08-25 08:43:45 [INFO] [reviews] Home_and_Kitchen: 50,600,000 rows so far (47,950 rows/s)
2026-08-25 08:43:49 [INFO] [reviews] Home_and_Kitchen: 50,800,000 rows so far (47,949 rows/s)
2026-08-25 08:43:53 [INFO] [reviews] Home_and_Kitchen: 51,000,000 rows so far (47,949 rows/s)
2026-08-25 08:43:57 [INFO] [reviews] Home_and_Kitchen: 51,200,000 rows so far (47,945 rows/s)
2026-08-25 08:44:02 [INFO] [reviews] Home_and_Kitchen: 51,400,000 rows so far (47,945 rows/s)
2026-08-25 08:44:06 [INFO] [reviews] Home_and_Kitchen: 51,600,000 rows so far (47,950 rows/s)
2026-08-25 08:44:10 [INFO] [reviews] Home_and_Kitchen: 51,800,000 rows so far (47,954 rows/s)
2026-08-25 08:44:14 [INFO] [reviews] Home_and_Kitchen: 52,000,000 rows so far (47,960 rows/s)
2026-08-25 08:44:18 [INFO] [reviews] Home_and_Kitchen: 52,200,000 rows so far (47,961 rows/s)
2026-08-25 08:44:22 [INFO] [reviews] Home_and_Kitchen: 52,400,000 rows so far (47,968 rows/s)
2026-08-25 08:44:26 [INFO] [reviews] Home_and_Kitchen: 52,600,000 rows so far (47,970 rows/s)
2026-08-25 08:44:30 [INFO] [reviews] Home_and_Kitchen: 52,800,000 rows so far (47,963 rows/s)
2026-08-25 08:44:35 [INFO] [reviews] Home_and_Kitchen: 53,000,000 rows so far (47,962 rows/s)
2026-08-25 08:44:39 [INFO] [reviews] Home_and_Kitchen: 53,200,000 rows so far (47,965 rows/s)
2026-08-25 08:44:43 [INFO] [reviews] Home_and_Kitchen: 53,400,000 rows so far (47,971 rows/s)
2026-08-25 08:44:47 [INFO] [reviews] Home_and_Kitchen: 53,600,000 rows so far (47,980 rows/s)
2026-08-25 08:44:51 [INFO] [reviews] Home_and_Kitchen: 53,800,000 rows so far (47,986 rows/s)
2026-08-25 08:44:55 [INFO] [reviews] Home_and_Kitchen: 54,000,000 rows so far (47,995 rows/s)
2026-08-25 08:44:59 [INFO] [reviews] Home_and_Kitchen: 54,200,000 rows so far (48,000 rows/s)
2026-08-25 08:45:03 [INFO] [reviews] Home_and_Kitchen: 54,400,000 rows so far (48,001 rows/s)
2026-08-25 08:45:07 [INFO] [reviews] Home_and_Kitchen: 54,600,000 rows so far (48,006 rows/s)
2026-08-25 08:45:11 [INFO] [reviews] Home_and_Kitchen: 54,800,000 rows so far (48,012 rows/s)
2026-08-25 08:45:15 [INFO] [reviews] Home_and_Kitchen: 55,000,000 rows so far (48,019 rows/s)
2026-08-25 08:45:19 [INFO] [reviews] Home_and_Kitchen: 55,200,000 rows so far (48,023 rows/s)
2026-08-25 08:45:23 [INFO] [reviews] Home_and_Kitchen: 55,400,000 rows so far (48,033 rows/s)
2026-08-25 08:45:27 [INFO] [reviews] Home_and_Kitchen: 55,600,000 rows so far (48,040 rows/s)
2026-08-25 08:45:31 [INFO] [reviews] Home_and_Kitchen: 55,800,000 rows so far (48,041 rows/s)
2026-08-25 08:45:35 [INFO] [reviews] Home_and_Kitchen: 56,000,000 rows so far (48,045 rows/s)
2026-08-25 08:45:39 [INFO] [reviews] Home_and_Kitchen: 56,200,000 rows so far (48,049 rows/s)
2026-08-25 08:45:43 [INFO] [reviews] Home_and_Kitchen: 56,400,000 rows so far (48,058 rows/s)
2026-08-25 08:45:47 [INFO] [reviews] Home_and_Kitchen: 56,600,000 rows so far (48,068 rows/s)
2026-08-25 08:45:51 [INFO] [reviews] Home_and_Kitchen: 56,800,000 rows so far (48,074 rows/s)
2026-08-25 08:45:55 [INFO] [reviews] Home_and_Kitchen: 57,000,000 rows so far (48,082 rows/s)
2026-08-25 08:45:59 [INFO] [reviews] Home_and_Kitchen: 57,200,000 rows so far (48,087 rows/s)
2026-08-25 08:46:03 [INFO] [reviews] Home_and_Kitchen: 57,400,000 rows so far (48,091 rows/s)
2026-08-25 08:46:07 [INFO] [reviews] Home_and_Kitchen: 57,600,000 rows so far (48,094 rows/s)
2026-08-25 08:46:11 [INFO] [reviews] Home_and_Kitchen: 57,800,000 rows so far (48,095 rows/s)
2026-08-25 08:46:15 [INFO] [reviews] Home_and_Kitchen: 58,000,000 rows so far (48,099 rows/s)
2026-08-25 08:46:19 [INFO] [reviews] Home_and_Kitchen: 58,200,000 rows so far (48,104 rows/s)
2026-08-25 08:46:23 [INFO] [reviews] Home_and_Kitchen: 58,400,000 rows so far (48,110 rows/s)
2026-08-25 08:46:27 [INFO] [reviews] Home_and_Kitchen: 58,600,000 rows so far (48,115 rows/s)
2026-08-25 08:46:31 [INFO] [reviews] Home_and_Kitchen: 58,800,000 rows so far (48,120 rows/s)
2026-08-25 08:46:36 [INFO] [reviews] Home_and_Kitchen: 59,000,000 rows so far (48,124 rows/s)
2026-08-25 08:46:40 [INFO] [reviews] Home_and_Kitchen: 59,200,000 rows so far (48,126 rows/s)
2026-08-25 08:46:44 [INFO] [reviews] Home_and_Kitchen: 59,400,000 rows so far (48,131 rows/s)
2026-08-25 08:46:48 [INFO] [reviews] Home_and_Kitchen: 59,600,000 rows so far (48,130 rows/s)
2026-08-25 08:46:52 [INFO] [reviews] Home_and_Kitchen: 59,800,000 rows so far (48,131 rows/s)
2026-08-25 08:46:56 [INFO] [reviews] Home_and_Kitchen: 60,000,000 rows so far (48,129 rows/s)
2026-08-25 08:47:00 [INFO] [reviews] Home_and_Kitchen: 60,200,000 rows so far (48,133 rows/s)
2026-08-25 08:47:04 [INFO] [reviews] Home_and_Kitchen: 60,400,000 rows so far (48,133 rows/s)
2026-08-25 08:47:08 [INFO] [reviews] Home_and_Kitchen: 60,600,000 rows so far (48,135 rows/s)
2026-08-25 08:47:13 [INFO] [reviews] Home_and_Kitchen: 60,800,000 rows so far (48,135 rows/s)
2026-08-25 08:47:17 [INFO] [reviews] Home_and_Kitchen: 61,000,000 rows so far (48,139 rows/s)
2026-08-25 08:47:21 [INFO] [reviews] Home_and_Kitchen: 61,200,000 rows so far (48,143 rows/s)
2026-08-25 08:47:25 [INFO] [reviews] Home_and_Kitchen: 61,400,000 rows so far (48,145 rows/s)
2026-08-25 08:47:29 [INFO] [reviews] Home_and_Kitchen: 61,600,000 rows so far (48,146 rows/s)
2026-08-25 08:47:33 [INFO] [reviews] Home_and_Kitchen: 61,800,000 rows so far (48,144 rows/s)
2026-08-25 08:47:37 [INFO] [reviews] Home_and_Kitchen: 62,000,000 rows so far (48,143 rows/s)
2026-08-25 08:47:42 [INFO] [reviews] Home_and_Kitchen: 62,200,000 rows so far (48,138 rows/s)
2026-08-25 08:47:46 [INFO] [reviews] Home_and_Kitchen: 62,400,000 rows so far (48,134 rows/s)
2026-08-25 08:47:50 [INFO] [reviews] Home_and_Kitchen: 62,600,000 rows so far (48,129 rows/s)
2026-08-25 08:47:54 [INFO] [reviews] Home_and_Kitchen: 62,800,000 rows so far (48,126 rows/s)
2026-08-25 08:47:59 [INFO] [reviews] Home_and_Kitchen: 63,000,000 rows so far (48,123 rows/s)
2026-08-25 08:48:03 [INFO] [reviews] Home_and_Kitchen: 63,200,000 rows so far (48,122 rows/s)
2026-08-25 08:48:07 [INFO] [reviews] Home_and_Kitchen: 63,400,000 rows so far (48,119 rows/s)
2026-08-25 08:48:11 [INFO] [reviews] Home_and_Kitchen: 63,600,000 rows so far (48,116 rows/s)
2026-08-25 08:48:16 [INFO] [reviews] Home_and_Kitchen: 63,800,000 rows so far (48,114 rows/s)
2026-08-25 08:48:20 [INFO] [reviews] Home_and_Kitchen: 64,000,000 rows so far (48,113 rows/s)
2026-08-25 08:48:24 [INFO] [reviews] Home_and_Kitchen: 64,200,000 rows so far (48,110 rows/s)
2026-08-25 08:48:28 [INFO] [reviews] Home_and_Kitchen: 64,400,000 rows so far (48,100 rows/s)
2026-08-25 08:48:33 [INFO] [reviews] Home_and_Kitchen: 64,600,000 rows so far (48,095 rows/s)
2026-08-25 08:48:37 [INFO] [reviews] Home_and_Kitchen: 64,800,000 rows so far (48,089 rows/s)
2026-08-25 08:48:41 [INFO] [reviews] Home_and_Kitchen: 65,000,000 rows so far (48,085 rows/s)
2026-08-25 08:48:45 [INFO] [reviews] Home_and_Kitchen: 65,200,000 rows so far (48,086 rows/s)
2026-08-25 08:48:50 [INFO] [reviews] Home_and_Kitchen: 65,400,000 rows so far (48,080 rows/s)
2026-08-25 08:48:54 [INFO] [reviews] Home_and_Kitchen: 65,600,000 rows so far (48,080 rows/s)
2026-08-25 08:48:58 [INFO] [reviews] Home_and_Kitchen: 65,800,000 rows so far (48,075 rows/s)
2026-08-25 08:49:02 [INFO] [reviews] Home_and_Kitchen: 66,000,000 rows so far (48,074 rows/s)
2026-08-25 08:49:07 [INFO] [reviews] Home_and_Kitchen: 66,200,000 rows so far (48,072 rows/s)
2026-08-25 08:49:11 [INFO] [reviews] Home_and_Kitchen: 66,400,000 rows so far (48,070 rows/s)
2026-08-25 08:49:15 [INFO] [reviews] Home_and_Kitchen: 66,600,000 rows so far (48,070 rows/s)
2026-08-25 08:49:19 [INFO] [reviews] Home_and_Kitchen: 66,800,000 rows so far (48,067 rows/s)
2026-08-25 08:49:23 [INFO] [reviews] Home_and_Kitchen: 67,000,000 rows so far (48,069 rows/s)
2026-08-25 08:49:28 [INFO] [reviews] Home_and_Kitchen: 67,200,000 rows so far (48,066 rows/s)
2026-08-25 08:49:32 [INFO] [reviews] Home_and_Kitchen: 67,400,000 rows so far (48,061 rows/s)
2026-08-25 08:49:32 [INFO] [reviews] Home_and_Kitchen: wrote 67,409,944 rows in 1402.6s -> /kaggle/working/amazon2023/reviews_by_category/Home_and_Kitchen.parquet
2026-08-25 08:49:32 [INFO] [meta] Home_and_Kitchen: starting download from https://mcauleylab.ucsd.edu/public_datasets/data/amazon_2023/raw/meta_categories/meta_Home_and_Kitchen.jsonl.gz
2026-08-25 08:50:01 [INFO] [meta] Home_and_Kitchen: 200,000 rows so far (6,908 rows/s)
2026-08-25 08:50:29 [INFO] [meta] Home_and_Kitchen: 400,000 rows so far (7,012 rows/s)
2026-08-25 08:50:55 [INFO] [meta] Home_and_Kitchen: 600,000 rows so far (7,220 rows/s)
2026-08-25 08:51:21 [INFO] [meta] Home_and_Kitchen: 800,000 rows so far (7,354 rows/s)
2026-08-25 08:51:47 [INFO] [meta] Home_and_Kitchen: 1,000,000 rows so far (7,408 rows/s)
2026-08-25 08:52:13 [INFO] [meta] Home_and_Kitchen: 1,200,000 rows so far (7,460 rows/s)
2026-08-25 08:52:39 [INFO] [meta] Home_and_Kitchen: 1,400,000 rows so far (7,512 rows/s)
2026-08-25 08:53:04 [INFO] [meta] Home_and_Kitchen: 1,600,000 rows so far (7,547 rows/s)
2026-08-25 08:53:33 [INFO] [meta] Home_and_Kitchen: 1,800,000 rows so far (7,486 rows/s)
2026-08-25 08:54:01 [INFO] [meta] Home_and_Kitchen: 2,000,000 rows so far (7,436 rows/s)
2026-08-25 08:54:28 [INFO] [meta] Home_and_Kitchen: 2,200,000 rows so far (7,427 rows/s)
2026-08-25 08:54:55 [INFO] [meta] Home_and_Kitchen: 2,400,000 rows so far (7,423 rows/s)
2026-08-25 08:55:23 [INFO] [meta] Home_and_Kitchen: 2,600,000 rows so far (7,403 rows/s)
2026-08-25 08:55:52 [INFO] [meta] Home_and_Kitchen: 2,800,000 rows so far (7,378 rows/s)
2026-08-25 08:56:17 [INFO] [meta] Home_and_Kitchen: 3,000,000 rows so far (7,418 rows/s)
2026-08-25 08:56:42 [INFO] [meta] Home_and_Kitchen: 3,200,000 rows so far (7,437 rows/s)
2026-08-25 08:57:08 [INFO] [meta] Home_and_Kitchen: 3,400,000 rows so far (7,453 rows/s)
2026-08-25 08:58:24 [INFO] [meta] Home_and_Kitchen: 3,600,000 rows so far (6,771 rows/s)
2026-08-25 09:00:03 [INFO] [meta] Home_and_Kitchen: wrote 3,735,584 rows in 631.3s -> /kaggle/working/amazon2023/meta_by_category/Home_and_Kitchen.parquet
2026-08-25 09:00:04 [INFO] Current output size: 13.51 GB
2026-08-25 09:00:04 [INFO] [reviews] Industrial_and_Scientific: starting download from https://mcauleylab.ucsd.edu/public_datasets/data/amazon_2023/raw/review_categories/Industrial_and_Scientific.jsonl.gz
2026-08-25 09:00:33 [INFO] [reviews] Industrial_and_Scientific: 200,000 rows so far (6,775 rows/s)
2026-08-25 09:01:02 [INFO] [reviews] Industrial_and_Scientific: 400,000 rows so far (6,799 rows/s)
2026-08-25 09:01:30 [INFO] [reviews] Industrial_and_Scientific: 600,000 rows so far (6,915 rows/s)
2026-08-25 09:01:58 [INFO] [reviews] Industrial_and_Scientific: 800,000 rows so far (6,978 rows/s)
2026-08-25 09:02:27 [INFO] [reviews] Industrial_and_Scientific: 1,000,000 rows so far (6,974 rows/s)
2026-08-25 09:02:56 [INFO] [reviews] Industrial_and_Scientific: 1,200,000 rows so far (6,954 rows/s)
2026-08-25 09:03:24 [INFO] [reviews] Industrial_and_Scientific: 1,400,000 rows so far (6,981 rows/s)
2026-08-25 09:03:51 [INFO] [reviews] Industrial_and_Scientific: 1,600,000 rows so far (7,019 rows/s)
2026-08-25 09:04:20 [INFO] [reviews] Industrial_and_Scientific: 1,800,000 rows so far (7,017 rows/s)
2026-08-25 09:04:48 [INFO] [reviews] Industrial_and_Scientific: 2,000,000 rows so far (7,033 rows/s)
2026-08-25 09:05:12 [INFO] [reviews] Industrial_and_Scientific: 2,200,000 rows so far (7,130 rows/s)
2026-08-25 09:05:34 [INFO] [reviews] Industrial_and_Scientific: 2,400,000 rows so far (7,257 rows/s)
2026-08-25 09:05:57 [INFO] [reviews] Industrial_and_Scientific: 2,600,000 rows so far (7,351 rows/s)
2026-08-25 09:06:17 [INFO] [reviews] Industrial_and_Scientific: 2,800,000 rows so far (7,500 rows/s)
2026-08-25 09:06:25 [INFO] [reviews] Industrial_and_Scientific: 3,000,000 rows so far (7,861 rows/s)
2026-08-25 09:06:31 [INFO] [reviews] Industrial_and_Scientific: 3,200,000 rows so far (8,249 rows/s)
2026-08-25 09:06:37 [INFO] [reviews] Industrial_and_Scientific: 3,400,000 rows so far (8,635 rows/s)
2026-08-25 09:06:42 [INFO] [reviews] Industrial_and_Scientific: 3,600,000 rows so far (9,025 rows/s)
2026-08-25 09:06:47 [INFO] [reviews] Industrial_and_Scientific: 3,800,000 rows so far (9,429 rows/s)
2026-08-25 09:06:51 [INFO] [reviews] Industrial_and_Scientific: 4,000,000 rows so far (9,821 rows/s)
2026-08-25 09:06:57 [INFO] [reviews] Industrial_and_Scientific: 4,200,000 rows so far (10,167 rows/s)
2026-08-25 09:07:06 [INFO] [reviews] Industrial_and_Scientific: 4,400,000 rows so far (10,423 rows/s)
2026-08-25 09:07:10 [INFO] [reviews] Industrial_and_Scientific: 4,600,000 rows so far (10,788 rows/s)
2026-08-25 09:07:14 [INFO] [reviews] Industrial_and_Scientific: 4,800,000 rows so far (11,151 rows/s)
2026-08-25 09:07:18 [INFO] [reviews] Industrial_and_Scientific: 5,000,000 rows so far (11,504 rows/s)
2026-08-25 09:07:22 [INFO] [reviews] Industrial_and_Scientific: wrote 5,183,005 rows in 438.4s -> /kaggle/working/amazon2023/reviews_by_category/Industrial_and_Scientific.parquet
2026-08-25 09:07:22 [INFO] [meta] Industrial_and_Scientific: starting download from https://mcauleylab.ucsd.edu/public_datasets/data/amazon_2023/raw/meta_categories/meta_Industrial_and_Scientific.jsonl.gz
2026-08-25 09:07:46 [INFO] [meta] Industrial_and_Scientific: 200,000 rows so far (8,470 rows/s)
2026-08-25 09:08:07 [INFO] [meta] Industrial_and_Scientific: 400,000 rows so far (8,963 rows/s)
2026-08-25 09:08:09 [INFO] [meta] Industrial_and_Scientific: wrote 427,564 rows in 47.0s -> /kaggle/working/amazon2023/meta_by_category/Industrial_and_Scientific.parquet
2026-08-25 09:08:09 [INFO] Current output size: 13.73 GB
2026-08-25 09:08:09 [INFO] [reviews] Kindle_Store: starting download from https://mcauleylab.ucsd.edu/public_datasets/data/amazon_2023/raw/review_categories/Kindle_Store.jsonl.gz
2026-08-25 09:08:14 [INFO] [reviews] Kindle_Store: 200,000 rows so far (40,794 rows/s)
2026-08-25 09:08:18 [INFO] [reviews] Kindle_Store: 400,000 rows so far (43,234 rows/s)
2026-08-25 09:08:23 [INFO] [reviews] Kindle_Store: 600,000 rows so far (44,146 rows/s)
2026-08-25 09:08:27 [INFO] [reviews] Kindle_Store: 800,000 rows so far (44,222 rows/s)
2026-08-25 09:08:32 [INFO] [reviews] Kindle_Store: 1,000,000 rows so far (44,305 rows/s)
2026-08-25 09:08:36 [INFO] [reviews] Kindle_Store: 1,200,000 rows so far (44,157 rows/s)
2026-08-25 09:08:41 [INFO] [reviews] Kindle_Store: 1,400,000 rows so far (44,133 rows/s)
2026-08-25 09:08:45 [INFO] [reviews] Kindle_Store: 1,600,000 rows so far (44,387 rows/s)
2026-08-25 09:08:49 [INFO] [reviews] Kindle_Store: 1,800,000 rows so far (44,549 rows/s)
2026-08-25 09:08:54 [INFO] [reviews] Kindle_Store: 2,000,000 rows so far (44,660 rows/s)
2026-08-25 09:08:58 [INFO] [reviews] Kindle_Store: 2,200,000 rows so far (44,613 rows/s)
2026-08-25 09:09:03 [INFO] [reviews] Kindle_Store: 2,400,000 rows so far (44,550 rows/s)
2026-08-25 09:09:07 [INFO] [reviews] Kindle_Store: 2,600,000 rows so far (44,807 rows/s)
2026-08-25 09:09:11 [INFO] [reviews] Kindle_Store: 2,800,000 rows so far (44,880 rows/s)
2026-08-25 09:09:16 [INFO] [reviews] Kindle_Store: 3,000,000 rows so far (44,491 rows/s)
2026-08-25 09:09:21 [INFO] [reviews] Kindle_Store: 3,200,000 rows so far (44,532 rows/s)
2026-08-25 09:09:25 [INFO] [reviews] Kindle_Store: 3,400,000 rows so far (44,546 rows/s)
2026-08-25 09:09:30 [INFO] [reviews] Kindle_Store: 3,600,000 rows so far (44,443 rows/s)
2026-08-25 09:09:34 [INFO] [reviews] Kindle_Store: 3,800,000 rows so far (44,502 rows/s)
2026-08-25 09:09:39 [INFO] [reviews] Kindle_Store: 4,000,000 rows so far (44,349 rows/s)
2026-08-25 09:09:44 [INFO] [reviews] Kindle_Store: 4,200,000 rows so far (44,388 rows/s)
2026-08-25 09:09:48 [INFO] [reviews] Kindle_Store: 4,400,000 rows so far (44,546 rows/s)
2026-08-25 09:09:52 [INFO] [reviews] Kindle_Store: 4,600,000 rows so far (44,562 rows/s)
2026-08-25 09:09:57 [INFO] [reviews] Kindle_Store: 4,800,000 rows so far (44,555 rows/s)
2026-08-25 09:10:01 [INFO] [reviews] Kindle_Store: 5,000,000 rows so far (44,559 rows/s)
2026-08-25 09:10:06 [INFO] [reviews] Kindle_Store: 5,200,000 rows so far (44,339 rows/s)
2026-08-25 09:10:11 [INFO] [reviews] Kindle_Store: 5,400,000 rows so far (44,401 rows/s)
2026-08-25 09:10:15 [INFO] [reviews] Kindle_Store: 5,600,000 rows so far (44,503 rows/s)
2026-08-25 09:10:19 [INFO] [reviews] Kindle_Store: 5,800,000 rows so far (44,558 rows/s)
2026-08-25 09:10:24 [INFO] [reviews] Kindle_Store: 6,000,000 rows so far (44,598 rows/s)
2026-08-25 09:10:28 [INFO] [reviews] Kindle_Store: 6,200,000 rows so far (44,638 rows/s)
2026-08-25 09:10:32 [INFO] [reviews] Kindle_Store: 6,400,000 rows so far (44,640 rows/s)
2026-08-25 09:10:37 [INFO] [reviews] Kindle_Store: 6,600,000 rows so far (44,620 rows/s)
2026-08-25 09:10:41 [INFO] [reviews] Kindle_Store: 6,800,000 rows so far (44,621 rows/s)
2026-08-25 09:10:46 [INFO] [reviews] Kindle_Store: 7,000,000 rows so far (44,563 rows/s)
2026-08-25 09:10:51 [INFO] [reviews] Kindle_Store: 7,200,000 rows so far (44,562 rows/s)
2026-08-25 09:10:55 [INFO] [reviews] Kindle_Store: 7,400,000 rows so far (44,598 rows/s)
2026-08-25 09:10:59 [INFO] [reviews] Kindle_Store: 7,600,000 rows so far (44,616 rows/s)
2026-08-25 09:11:04 [INFO] [reviews] Kindle_Store: 7,800,000 rows so far (44,617 rows/s)
2026-08-25 09:11:08 [INFO] [reviews] Kindle_Store: 8,000,000 rows so far (44,595 rows/s)
2026-08-25 09:11:13 [INFO] [reviews] Kindle_Store: 8,200,000 rows so far (44,643 rows/s)
2026-08-25 09:11:17 [INFO] [reviews] Kindle_Store: 8,400,000 rows so far (44,642 rows/s)
2026-08-25 09:11:22 [INFO] [reviews] Kindle_Store: 8,600,000 rows so far (44,670 rows/s)
2026-08-25 09:11:26 [INFO] [reviews] Kindle_Store: 8,800,000 rows so far (44,688 rows/s)
2026-08-25 09:11:30 [INFO] [reviews] Kindle_Store: 9,000,000 rows so far (44,685 rows/s)
2026-08-25 09:11:35 [INFO] [reviews] Kindle_Store: 9,200,000 rows so far (44,728 rows/s)
2026-08-25 09:11:39 [INFO] [reviews] Kindle_Store: 9,400,000 rows so far (44,713 rows/s)
2026-08-25 09:11:44 [INFO] [reviews] Kindle_Store: 9,600,000 rows so far (44,690 rows/s)
2026-08-25 09:11:49 [INFO] [reviews] Kindle_Store: 9,800,000 rows so far (44,561 rows/s)
2026-08-25 09:11:54 [INFO] [reviews] Kindle_Store: 10,000,000 rows so far (44,536 rows/s)
2026-08-25 09:11:59 [INFO] [reviews] Kindle_Store: 10,200,000 rows so far (44,411 rows/s)
2026-08-25 09:12:03 [INFO] [reviews] Kindle_Store: 10,400,000 rows so far (44,432 rows/s)
2026-08-25 09:12:07 [INFO] [reviews] Kindle_Store: 10,600,000 rows so far (44,468 rows/s)
2026-08-25 09:12:12 [INFO] [reviews] Kindle_Store: 10,800,000 rows so far (44,476 rows/s)
2026-08-25 09:12:17 [INFO] [reviews] Kindle_Store: 11,000,000 rows so far (44,407 rows/s)
2026-08-25 09:12:22 [INFO] [reviews] Kindle_Store: 11,200,000 rows so far (44,357 rows/s)
2026-08-25 09:12:26 [INFO] [reviews] Kindle_Store: 11,400,000 rows so far (44,295 rows/s)
2026-08-25 09:12:31 [INFO] [reviews] Kindle_Store: 11,600,000 rows so far (44,218 rows/s)
2026-08-25 09:12:36 [INFO] [reviews] Kindle_Store: 11,800,000 rows so far (44,163 rows/s)
2026-08-25 09:12:41 [INFO] [reviews] Kindle_Store: 12,000,000 rows so far (44,102 rows/s)
2026-08-25 09:12:46 [INFO] [reviews] Kindle_Store: 12,200,000 rows so far (44,119 rows/s)
2026-08-25 09:12:50 [INFO] [reviews] Kindle_Store: 12,400,000 rows so far (44,137 rows/s)
2026-08-25 09:12:55 [INFO] [reviews] Kindle_Store: 12,600,000 rows so far (44,049 rows/s)
2026-08-25 09:13:00 [INFO] [reviews] Kindle_Store: 12,800,000 rows so far (44,032 rows/s)
2026-08-25 09:13:04 [INFO] [reviews] Kindle_Store: 13,000,000 rows so far (44,054 rows/s)
2026-08-25 09:13:08 [INFO] [reviews] Kindle_Store: 13,200,000 rows so far (44,091 rows/s)
2026-08-25 09:13:13 [INFO] [reviews] Kindle_Store: 13,400,000 rows so far (44,080 rows/s)
2026-08-25 09:13:17 [INFO] [reviews] Kindle_Store: 13,600,000 rows so far (44,097 rows/s)
2026-08-25 09:13:22 [INFO] [reviews] Kindle_Store: 13,800,000 rows so far (44,128 rows/s)
2026-08-25 09:13:26 [INFO] [reviews] Kindle_Store: 14,000,000 rows so far (44,133 rows/s)
2026-08-25 09:13:31 [INFO] [reviews] Kindle_Store: 14,200,000 rows so far (44,168 rows/s)
2026-08-25 09:13:35 [INFO] [reviews] Kindle_Store: 14,400,000 rows so far (44,218 rows/s)
2026-08-25 09:13:39 [INFO] [reviews] Kindle_Store: 14,600,000 rows so far (44,234 rows/s)
2026-08-25 09:13:43 [INFO] [reviews] Kindle_Store: 14,800,000 rows so far (44,263 rows/s)
2026-08-25 09:13:48 [INFO] [reviews] Kindle_Store: 15,000,000 rows so far (44,236 rows/s)
2026-08-25 09:13:53 [INFO] [reviews] Kindle_Store: 15,200,000 rows so far (44,219 rows/s)
2026-08-25 09:13:57 [INFO] [reviews] Kindle_Store: 15,400,000 rows so far (44,246 rows/s)
2026-08-25 09:14:02 [INFO] [reviews] Kindle_Store: 15,600,000 rows so far (44,196 rows/s)
2026-08-25 09:14:06 [INFO] [reviews] Kindle_Store: 15,800,000 rows so far (44,199 rows/s)
2026-08-25 09:14:11 [INFO] [reviews] Kindle_Store: 16,000,000 rows so far (44,217 rows/s)
2026-08-25 09:14:15 [INFO] [reviews] Kindle_Store: 16,200,000 rows so far (44,237 rows/s)
2026-08-25 09:14:20 [INFO] [reviews] Kindle_Store: 16,400,000 rows so far (44,248 rows/s)
2026-08-25 09:14:24 [INFO] [reviews] Kindle_Store: 16,600,000 rows so far (44,261 rows/s)
2026-08-25 09:14:28 [INFO] [reviews] Kindle_Store: 16,800,000 rows so far (44,276 rows/s)
2026-08-25 09:14:34 [INFO] [reviews] Kindle_Store: 17,000,000 rows so far (44,200 rows/s)
2026-08-25 09:14:38 [INFO] [reviews] Kindle_Store: 17,200,000 rows so far (44,179 rows/s)
2026-08-25 09:14:43 [INFO] [reviews] Kindle_Store: 17,400,000 rows so far (44,199 rows/s)
2026-08-25 09:14:47 [INFO] [reviews] Kindle_Store: 17,600,000 rows so far (44,232 rows/s)
2026-08-25 09:14:51 [INFO] [reviews] Kindle_Store: 17,800,000 rows so far (44,254 rows/s)
2026-08-25 09:14:56 [INFO] [reviews] Kindle_Store: 18,000,000 rows so far (44,252 rows/s)
2026-08-25 09:15:00 [INFO] [reviews] Kindle_Store: 18,200,000 rows so far (44,269 rows/s)
2026-08-25 09:15:05 [INFO] [reviews] Kindle_Store: 18,400,000 rows so far (44,265 rows/s)
2026-08-25 09:15:09 [INFO] [reviews] Kindle_Store: 18,600,000 rows so far (44,266 rows/s)
2026-08-25 09:15:15 [INFO] [reviews] Kindle_Store: 18,800,000 rows so far (44,179 rows/s)
2026-08-25 09:15:19 [INFO] [reviews] Kindle_Store: 19,000,000 rows so far (44,218 rows/s)
2026-08-25 09:15:23 [INFO] [reviews] Kindle_Store: 19,200,000 rows so far (44,247 rows/s)
2026-08-25 09:15:27 [INFO] [reviews] Kindle_Store: 19,400,000 rows so far (44,293 rows/s)
2026-08-25 09:15:31 [INFO] [reviews] Kindle_Store: 19,600,000 rows so far (44,327 rows/s)
2026-08-25 09:15:36 [INFO] [reviews] Kindle_Store: 19,800,000 rows so far (44,317 rows/s)
2026-08-25 09:15:40 [INFO] [reviews] Kindle_Store: 20,000,000 rows so far (44,336 rows/s)
2026-08-25 09:15:45 [INFO] [reviews] Kindle_Store: 20,200,000 rows so far (44,348 rows/s)
2026-08-25 09:15:49 [INFO] [reviews] Kindle_Store: 20,400,000 rows so far (44,354 rows/s)
2026-08-25 09:15:53 [INFO] [reviews] Kindle_Store: 20,600,000 rows so far (44,372 rows/s)
2026-08-25 09:15:58 [INFO] [reviews] Kindle_Store: 20,800,000 rows so far (44,374 rows/s)
2026-08-25 09:16:02 [INFO] [reviews] Kindle_Store: 21,000,000 rows so far (44,417 rows/s)
2026-08-25 09:16:06 [INFO] [reviews] Kindle_Store: 21,200,000 rows so far (44,439 rows/s)
2026-08-25 09:16:10 [INFO] [reviews] Kindle_Store: 21,400,000 rows so far (44,464 rows/s)
2026-08-25 09:16:15 [INFO] [reviews] Kindle_Store: 21,600,000 rows so far (44,482 rows/s)
2026-08-25 09:16:19 [INFO] [reviews] Kindle_Store: 21,800,000 rows so far (44,509 rows/s)
2026-08-25 09:16:23 [INFO] [reviews] Kindle_Store: 22,000,000 rows so far (44,522 rows/s)
2026-08-25 09:16:28 [INFO] [reviews] Kindle_Store: 22,200,000 rows so far (44,531 rows/s)
2026-08-25 09:16:32 [INFO] [reviews] Kindle_Store: 22,400,000 rows so far (44,543 rows/s)
2026-08-25 09:16:36 [INFO] [reviews] Kindle_Store: 22,600,000 rows so far (44,562 rows/s)
2026-08-25 09:16:41 [INFO] [reviews] Kindle_Store: 22,800,000 rows so far (44,562 rows/s)
2026-08-25 09:16:45 [INFO] [reviews] Kindle_Store: 23,000,000 rows so far (44,598 rows/s)
2026-08-25 09:16:49 [INFO] [reviews] Kindle_Store: 23,200,000 rows so far (44,623 rows/s)
2026-08-25 09:16:53 [INFO] [reviews] Kindle_Store: 23,400,000 rows so far (44,651 rows/s)
2026-08-25 09:16:57 [INFO] [reviews] Kindle_Store: 23,600,000 rows so far (44,669 rows/s)
2026-08-25 09:17:02 [INFO] [reviews] Kindle_Store: 23,800,000 rows so far (44,691 rows/s)
2026-08-25 09:17:06 [INFO] [reviews] Kindle_Store: 24,000,000 rows so far (44,713 rows/s)
2026-08-25 09:17:10 [INFO] [reviews] Kindle_Store: 24,200,000 rows so far (44,727 rows/s)
2026-08-25 09:17:14 [INFO] [reviews] Kindle_Store: 24,400,000 rows so far (44,753 rows/s)
2026-08-25 09:17:19 [INFO] [reviews] Kindle_Store: 24,600,000 rows so far (44,766 rows/s)
2026-08-25 09:17:23 [INFO] [reviews] Kindle_Store: 24,800,000 rows so far (44,777 rows/s)
2026-08-25 09:17:27 [INFO] [reviews] Kindle_Store: 25,000,000 rows so far (44,787 rows/s)
2026-08-25 09:17:32 [INFO] [reviews] Kindle_Store: 25,200,000 rows so far (44,797 rows/s)
2026-08-25 09:17:36 [INFO] [reviews] Kindle_Store: 25,400,000 rows so far (44,821 rows/s)
2026-08-25 09:17:40 [INFO] [reviews] Kindle_Store: wrote 25,577,616 rows in 570.5s -> /kaggle/working/amazon2023/reviews_by_category/Kindle_Store.parquet
2026-08-25 09:17:40 [INFO] [meta] Kindle_Store: starting download from https://mcauleylab.ucsd.edu/public_datasets/data/amazon_2023/raw/meta_categories/meta_Kindle_Store.jsonl.gz
2026-08-25 09:18:12 [INFO] [meta] Kindle_Store: 200,000 rows so far (6,092 rows/s)
2026-08-25 09:18:44 [INFO] [meta] Kindle_Store: 400,000 rows so far (6,185 rows/s)
2026-08-25 09:19:15 [INFO] [meta] Kindle_Store: 600,000 rows so far (6,266 rows/s)
2026-08-25 09:19:45 [INFO] [meta] Kindle_Store: 800,000 rows so far (6,357 rows/s)
2026-08-25 09:20:16 [INFO] [meta] Kindle_Store: 1,000,000 rows so far (6,411 rows/s)
2026-08-25 09:20:45 [INFO] [meta] Kindle_Store: 1,200,000 rows so far (6,482 rows/s)
2026-08-25 09:21:12 [INFO] [meta] Kindle_Store: 1,400,000 rows so far (6,604 rows/s)
2026-08-25 09:21:35 [INFO] [meta] Kindle_Store: wrote 1,591,371 rows in 235.5s -> /kaggle/working/amazon2023/meta_by_category/Kindle_Store.parquet
2026-08-25 09:21:35 [INFO] Current output size: 15.21 GB
2026-08-25 09:21:35 [INFO] [reviews] Magazine_Subscriptions: starting download from https://mcauleylab.ucsd.edu/public_datasets/data/amazon_2023/raw/review_categories/Magazine_Subscriptions.jsonl.gz
2026-08-25 09:21:37 [INFO] [reviews] Magazine_Subscriptions: wrote 71,497 rows in 2.0s -> /kaggle/working/amazon2023/reviews_by_category/Magazine_Subscriptions.parquet
2026-08-25 09:21:37 [INFO] [meta] Magazine_Subscriptions: starting download from https://mcauleylab.ucsd.edu/public_datasets/data/amazon_2023/raw/meta_categories/meta_Magazine_Subscriptions.jsonl.gz
2026-08-25 09:21:37 [INFO] [meta] Magazine_Subscriptions: wrote 3,391 rows in 0.4s -> /kaggle/working/amazon2023/meta_by_category/Magazine_Subscriptions.parquet
2026-08-25 09:21:37 [INFO] Current output size: 15.22 GB
2026-08-25 09:21:37 [INFO] [reviews] Movies_and_TV: starting download from https://mcauleylab.ucsd.edu/public_datasets/data/amazon_2023/raw/review_categories/Movies_and_TV.jsonl.gz
2026-08-25 09:21:42 [INFO] [reviews] Movies_and_TV: 200,000 rows so far (46,466 rows/s)
2026-08-25 09:21:46 [INFO] [reviews] Movies_and_TV: 400,000 rows so far (45,525 rows/s)
2026-08-25 09:21:51 [INFO] [reviews] Movies_and_TV: 600,000 rows so far (45,207 rows/s)
2026-08-25 09:21:55 [INFO] [reviews] Movies_and_TV: 800,000 rows so far (46,125 rows/s)
2026-08-25 09:21:59 [INFO] [reviews] Movies_and_TV: 1,000,000 rows so far (46,542 rows/s)
2026-08-25 09:22:03 [INFO] [reviews] Movies_and_TV: 1,200,000 rows so far (46,931 rows/s)
2026-08-25 09:22:07 [INFO] [reviews] Movies_and_TV: 1,400,000 rows so far (47,239 rows/s)
2026-08-25 09:22:15 [INFO] [reviews] Movies_and_TV: 1,600,000 rows so far (43,152 rows/s)
2026-08-25 09:22:21 [INFO] [reviews] Movies_and_TV: 1,800,000 rows so far (41,427 rows/s)
2026-08-25 09:22:25 [INFO] [reviews] Movies_and_TV: 2,000,000 rows so far (41,853 rows/s)
2026-08-25 09:22:29 [INFO] [reviews] Movies_and_TV: 2,200,000 rows so far (42,333 rows/s)
2026-08-25 09:22:33 [INFO] [reviews] Movies_and_TV: 2,400,000 rows so far (42,909 rows/s)
2026-08-25 09:22:37 [INFO] [reviews] Movies_and_TV: 2,600,000 rows so far (43,368 rows/s)
2026-08-25 09:22:41 [INFO] [reviews] Movies_and_TV: 2,800,000 rows so far (43,877 rows/s)
2026-08-25 09:22:45 [INFO] [reviews] Movies_and_TV: 3,000,000 rows so far (44,325 rows/s)
2026-08-25 09:22:49 [INFO] [reviews] Movies_and_TV: 3,200,000 rows so far (44,605 rows/s)
2026-08-25 09:22:53 [INFO] [reviews] Movies_and_TV: 3,400,000 rows so far (44,895 rows/s)
2026-08-25 09:22:57 [INFO] [reviews] Movies_and_TV: 3,600,000 rows so far (45,001 rows/s)
2026-08-25 09:23:02 [INFO] [reviews] Movies_and_TV: 3,800,000 rows so far (45,166 rows/s)
2026-08-25 09:23:06 [INFO] [reviews] Movies_and_TV: 4,000,000 rows so far (45,242 rows/s)
2026-08-25 09:23:10 [INFO] [reviews] Movies_and_TV: 4,200,000 rows so far (45,409 rows/s)
2026-08-25 09:23:14 [INFO] [reviews] Movies_and_TV: 4,400,000 rows so far (45,579 rows/s)
2026-08-25 09:23:18 [INFO] [reviews] Movies_and_TV: 4,600,000 rows so far (45,749 rows/s)
2026-08-25 09:23:22 [INFO] [reviews] Movies_and_TV: 4,800,000 rows so far (45,908 rows/s)
2026-08-25 09:23:26 [INFO] [reviews] Movies_and_TV: 5,000,000 rows so far (46,017 rows/s)
2026-08-25 09:23:30 [INFO] [reviews] Movies_and_TV: 5,200,000 rows so far (46,082 rows/s)
2026-08-25 09:23:34 [INFO] [reviews] Movies_and_TV: 5,400,000 rows so far (46,215 rows/s)
2026-08-25 09:23:38 [INFO] [reviews] Movies_and_TV: 5,600,000 rows so far (46,275 rows/s)
2026-08-25 09:23:43 [INFO] [reviews] Movies_and_TV: 5,800,000 rows so far (46,297 rows/s)
2026-08-25 09:23:47 [INFO] [reviews] Movies_and_TV: 6,000,000 rows so far (46,385 rows/s)
2026-08-25 09:23:51 [INFO] [reviews] Movies_and_TV: 6,200,000 rows so far (46,483 rows/s)
2026-08-25 09:23:55 [INFO] [reviews] Movies_and_TV: 6,400,000 rows so far (46,556 rows/s)
2026-08-25 09:24:00 [INFO] [reviews] Movies_and_TV: 6,600,000 rows so far (46,366 rows/s)
2026-08-25 09:24:04 [INFO] [reviews] Movies_and_TV: 6,800,000 rows so far (46,461 rows/s)
2026-08-25 09:24:08 [INFO] [reviews] Movies_and_TV: 7,000,000 rows so far (46,631 rows/s)
2026-08-25 09:24:11 [INFO] [reviews] Movies_and_TV: 7,200,000 rows so far (46,745 rows/s)
2026-08-25 09:24:16 [INFO] [reviews] Movies_and_TV: 7,400,000 rows so far (46,760 rows/s)
2026-08-25 09:24:20 [INFO] [reviews] Movies_and_TV: 7,600,000 rows so far (46,811 rows/s)
2026-08-25 09:24:24 [INFO] [reviews] Movies_and_TV: 7,800,000 rows so far (46,900 rows/s)
2026-08-25 09:24:28 [INFO] [reviews] Movies_and_TV: 8,000,000 rows so far (46,966 rows/s)
2026-08-25 09:24:32 [INFO] [reviews] Movies_and_TV: 8,200,000 rows so far (47,040 rows/s)
2026-08-25 09:24:36 [INFO] [reviews] Movies_and_TV: 8,400,000 rows so far (47,113 rows/s)
2026-08-25 09:24:40 [INFO] [reviews] Movies_and_TV: 8,600,000 rows so far (47,142 rows/s)
2026-08-25 09:24:44 [INFO] [reviews] Movies_and_TV: 8,800,000 rows so far (47,228 rows/s)
2026-08-25 09:24:48 [INFO] [reviews] Movies_and_TV: 9,000,000 rows so far (47,306 rows/s)
2026-08-25 09:24:52 [INFO] [reviews] Movies_and_TV: 9,200,000 rows so far (47,293 rows/s)
2026-08-25 09:24:56 [INFO] [reviews] Movies_and_TV: 9,400,000 rows so far (47,303 rows/s)
2026-08-25 09:25:00 [INFO] [reviews] Movies_and_TV: 9,600,000 rows so far (47,289 rows/s)
2026-08-25 09:25:05 [INFO] [reviews] Movies_and_TV: 9,800,000 rows so far (47,284 rows/s)
2026-08-25 09:25:09 [INFO] [reviews] Movies_and_TV: 10,000,000 rows so far (47,363 rows/s)
2026-08-25 09:25:13 [INFO] [reviews] Movies_and_TV: 10,200,000 rows so far (47,404 rows/s)
2026-08-25 09:25:17 [INFO] [reviews] Movies_and_TV: 10,400,000 rows so far (47,452 rows/s)
2026-08-25 09:25:21 [INFO] [reviews] Movies_and_TV: 10,600,000 rows so far (47,489 rows/s)
2026-08-25 09:25:25 [INFO] [reviews] Movies_and_TV: 10,800,000 rows so far (47,510 rows/s)
2026-08-25 09:25:29 [INFO] [reviews] Movies_and_TV: 11,000,000 rows so far (47,542 rows/s)
2026-08-25 09:25:33 [INFO] [reviews] Movies_and_TV: 11,200,000 rows so far (47,584 rows/s)
2026-08-25 09:25:37 [INFO] [reviews] Movies_and_TV: 11,400,000 rows so far (47,616 rows/s)
2026-08-25 09:25:41 [INFO] [reviews] Movies_and_TV: 11,600,000 rows so far (47,665 rows/s)
2026-08-25 09:25:45 [INFO] [reviews] Movies_and_TV: 11,800,000 rows so far (47,704 rows/s)
2026-08-25 09:25:49 [INFO] [reviews] Movies_and_TV: 12,000,000 rows so far (47,744 rows/s)
2026-08-25 09:25:53 [INFO] [reviews] Movies_and_TV: 12,200,000 rows so far (47,799 rows/s)
2026-08-25 09:25:57 [INFO] [reviews] Movies_and_TV: 12,400,000 rows so far (47,851 rows/s)
2026-08-25 09:26:01 [INFO] [reviews] Movies_and_TV: 12,600,000 rows so far (47,893 rows/s)
2026-08-25 09:26:05 [INFO] [reviews] Movies_and_TV: 12,800,000 rows so far (47,883 rows/s)
2026-08-25 09:26:09 [INFO] [reviews] Movies_and_TV: 13,000,000 rows so far (47,855 rows/s)
2026-08-25 09:26:13 [INFO] [reviews] Movies_and_TV: 13,200,000 rows so far (47,855 rows/s)
2026-08-25 09:26:17 [INFO] [reviews] Movies_and_TV: 13,400,000 rows so far (47,873 rows/s)
2026-08-25 09:26:21 [INFO] [reviews] Movies_and_TV: 13,600,000 rows so far (47,893 rows/s)
2026-08-25 09:26:25 [INFO] [reviews] Movies_and_TV: 13,800,000 rows so far (47,936 rows/s)
2026-08-25 09:26:29 [INFO] [reviews] Movies_and_TV: 14,000,000 rows so far (47,952 rows/s)
2026-08-25 09:26:33 [INFO] [reviews] Movies_and_TV: 14,200,000 rows so far (47,973 rows/s)
2026-08-25 09:26:37 [INFO] [reviews] Movies_and_TV: 14,400,000 rows so far (47,998 rows/s)
2026-08-25 09:26:42 [INFO] [reviews] Movies_and_TV: 14,600,000 rows so far (48,006 rows/s)
2026-08-25 09:26:46 [INFO] [reviews] Movies_and_TV: 14,800,000 rows so far (48,024 rows/s)
2026-08-25 09:26:50 [INFO] [reviews] Movies_and_TV: 15,000,000 rows so far (48,032 rows/s)
2026-08-25 09:26:54 [INFO] [reviews] Movies_and_TV: 15,200,000 rows so far (48,028 rows/s)
2026-08-25 09:26:59 [INFO] [reviews] Movies_and_TV: 15,400,000 rows so far (47,960 rows/s)
2026-08-25 09:27:05 [INFO] [reviews] Movies_and_TV: 15,600,000 rows so far (47,659 rows/s)
2026-08-25 09:27:11 [INFO] [reviews] Movies_and_TV: 15,800,000 rows so far (47,339 rows/s)
2026-08-25 09:27:18 [INFO] [reviews] Movies_and_TV: 16,000,000 rows so far (47,004 rows/s)
2026-08-25 09:27:24 [INFO] [reviews] Movies_and_TV: 16,200,000 rows so far (46,718 rows/s)
2026-08-25 09:27:28 [INFO] [reviews] Movies_and_TV: 16,400,000 rows so far (46,742 rows/s)
2026-08-25 09:27:33 [INFO] [reviews] Movies_and_TV: 16,600,000 rows so far (46,755 rows/s)
2026-08-25 09:27:37 [INFO] [reviews] Movies_and_TV: 16,800,000 rows so far (46,769 rows/s)
2026-08-25 09:27:41 [INFO] [reviews] Movies_and_TV: 17,000,000 rows so far (46,769 rows/s)
2026-08-25 09:27:45 [INFO] [reviews] Movies_and_TV: 17,200,000 rows so far (46,760 rows/s)
2026-08-25 09:27:48 [INFO] [reviews] Movies_and_TV: wrote 17,328,314 rows in 370.7s -> /kaggle/working/amazon2023/reviews_by_category/Movies_and_TV.parquet
2026-08-25 09:27:48 [INFO] [meta] Movies_and_TV: starting download from https://mcauleylab.ucsd.edu/public_datasets/data/amazon_2023/raw/meta_categories/meta_Movies_and_TV.jsonl.gz
2026-08-25 09:28:04 [INFO] [meta] Movies_and_TV: 200,000 rows so far (12,267 rows/s)
2026-08-25 09:28:20 [INFO] [meta] Movies_and_TV: 400,000 rows so far (12,549 rows/s)
2026-08-25 09:28:35 [INFO] [meta] Movies_and_TV: 600,000 rows so far (12,710 rows/s)
2026-08-25 09:28:46 [INFO] [meta] Movies_and_TV: wrote 748,224 rows in 57.9s -> /kaggle/working/amazon2023/meta_by_category/Movies_and_TV.parquet
2026-08-25 09:28:46 [INFO] Current output size: 15.68 GB
2026-08-25 09:28:46 [INFO] [reviews] Musical_Instruments: starting download from https://mcauleylab.ucsd.edu/public_datasets/data/amazon_2023/raw/review_categories/Musical_Instruments.jsonl.gz
2026-08-25 09:28:51 [INFO] [reviews] Musical_Instruments: 200,000 rows so far (41,724 rows/s)
2026-08-25 09:28:55 [INFO] [reviews] Musical_Instruments: 400,000 rows so far (43,072 rows/s)
2026-08-25 09:29:00 [INFO] [reviews] Musical_Instruments: 600,000 rows so far (43,055 rows/s)
2026-08-25 09:29:04 [INFO] [reviews] Musical_Instruments: 800,000 rows so far (43,768 rows/s)
2026-08-25 09:29:09 [INFO] [reviews] Musical_Instruments: 1,000,000 rows so far (44,022 rows/s)
2026-08-25 09:29:13 [INFO] [reviews] Musical_Instruments: 1,200,000 rows so far (44,476 rows/s)
2026-08-25 09:29:17 [INFO] [reviews] Musical_Instruments: 1,400,000 rows so far (44,773 rows/s)
2026-08-25 09:29:22 [INFO] [reviews] Musical_Instruments: 1,600,000 rows so far (44,930 rows/s)
2026-08-25 09:29:26 [INFO] [reviews] Musical_Instruments: 1,800,000 rows so far (45,118 rows/s)
2026-08-25 09:29:30 [INFO] [reviews] Musical_Instruments: 2,000,000 rows so far (45,098 rows/s)
2026-08-25 09:29:35 [INFO] [reviews] Musical_Instruments: 2,200,000 rows so far (45,186 rows/s)
2026-08-25 09:29:39 [INFO] [reviews] Musical_Instruments: 2,400,000 rows so far (45,252 rows/s)
2026-08-25 09:29:44 [INFO] [reviews] Musical_Instruments: 2,600,000 rows so far (45,110 rows/s)
2026-08-25 09:29:48 [INFO] [reviews] Musical_Instruments: 2,800,000 rows so far (45,146 rows/s)
2026-08-25 09:29:52 [INFO] [reviews] Musical_Instruments: 3,000,000 rows so far (45,205 rows/s)
2026-08-25 09:29:53 [INFO] [reviews] Musical_Instruments: wrote 3,017,439 rows in 66.8s -> /kaggle/working/amazon2023/reviews_by_category/Musical_Instruments.parquet
2026-08-25 09:29:53 [INFO] [meta] Musical_Instruments: starting download from https://mcauleylab.ucsd.edu/public_datasets/data/amazon_2023/raw/meta_categories/meta_Musical_Instruments.jsonl.gz
2026-08-25 09:30:17 [INFO] [meta] Musical_Instruments: 200,000 rows so far (8,357 rows/s)
2026-08-25 09:30:18 [INFO] [meta] Musical_Instruments: wrote 213,593 rows in 25.4s -> /kaggle/working/amazon2023/meta_by_category/Musical_Instruments.parquet
2026-08-25 09:30:18 [INFO] Current output size: 15.80 GB
2026-08-25 09:30:18 [INFO] [reviews] Office_Products: starting download from https://mcauleylab.ucsd.edu/public_datasets/data/amazon_2023/raw/review_categories/Office_Products.jsonl.gz
2026-08-25 09:30:23 [INFO] [reviews] Office_Products: 200,000 rows so far (43,023 rows/s)
2026-08-25 09:30:27 [INFO] [reviews] Office_Products: 400,000 rows so far (45,288 rows/s)
2026-08-25 09:30:31 [INFO] [reviews] Office_Products: 600,000 rows so far (46,041 rows/s)
2026-08-25 09:30:35 [INFO] [reviews] Office_Products: 800,000 rows so far (46,552 rows/s)
2026-08-25 09:30:40 [INFO] [reviews] Office_Products: 1,000,000 rows so far (46,759 rows/s)
2026-08-25 09:30:44 [INFO] [reviews] Office_Products: 1,200,000 rows so far (46,721 rows/s)
2026-08-25 09:30:48 [INFO] [reviews] Office_Products: 1,400,000 rows so far (46,624 rows/s)
2026-08-25 09:30:53 [INFO] [reviews] Office_Products: 1,600,000 rows so far (46,345 rows/s)
2026-08-25 09:30:57 [INFO] [reviews] Office_Products: 1,800,000 rows so far (46,500 rows/s)
2026-08-25 09:31:01 [INFO] [reviews] Office_Products: 2,000,000 rows so far (46,628 rows/s)
2026-08-25 09:31:05 [INFO] [reviews] Office_Products: 2,200,000 rows so far (46,792 rows/s)
2026-08-25 09:31:09 [INFO] [reviews] Office_Products: 2,400,000 rows so far (46,842 rows/s)
2026-08-25 09:31:14 [INFO] [reviews] Office_Products: 2,600,000 rows so far (46,812 rows/s)
2026-08-25 09:31:18 [INFO] [reviews] Office_Products: 2,800,000 rows so far (46,848 rows/s)
2026-08-25 09:31:22 [INFO] [reviews] Office_Products: 3,000,000 rows so far (46,915 rows/s)
2026-08-25 09:31:26 [INFO] [reviews] Office_Products: 3,200,000 rows so far (46,937 rows/s)
2026-08-25 09:31:31 [INFO] [reviews] Office_Products: 3,400,000 rows so far (46,701 rows/s)
2026-08-25 09:31:35 [INFO] [reviews] Office_Products: 3,600,000 rows so far (46,598 rows/s)
2026-08-25 09:31:40 [INFO] [reviews] Office_Products: 3,800,000 rows so far (46,546 rows/s)
2026-08-25 09:31:44 [INFO] [reviews] Office_Products: 4,000,000 rows so far (46,609 rows/s)
2026-08-25 09:31:52 [INFO] [reviews] Office_Products: 4,200,000 rows so far (44,933 rows/s)
2026-08-25 09:31:59 [INFO] [reviews] Office_Products: 4,400,000 rows so far (43,520 rows/s)
2026-08-25 09:32:04 [INFO] [reviews] Office_Products: 4,600,000 rows so far (43,563 rows/s)
2026-08-25 09:32:08 [INFO] [reviews] Office_Products: 4,800,000 rows so far (43,668 rows/s)
2026-08-25 09:32:12 [INFO] [reviews] Office_Products: 5,000,000 rows so far (43,769 rows/s)
2026-08-25 09:32:17 [INFO] [reviews] Office_Products: 5,200,000 rows so far (43,818 rows/s)
2026-08-25 09:32:21 [INFO] [reviews] Office_Products: 5,400,000 rows so far (43,911 rows/s)
2026-08-25 09:32:25 [INFO] [reviews] Office_Products: 5,600,000 rows so far (44,019 rows/s)
2026-08-25 09:32:30 [INFO] [reviews] Office_Products: 5,800,000 rows so far (44,106 rows/s)
2026-08-25 09:32:34 [INFO] [reviews] Office_Products: 6,000,000 rows so far (44,207 rows/s)
2026-08-25 09:32:38 [INFO] [reviews] Office_Products: 6,200,000 rows so far (44,262 rows/s)
2026-08-25 09:32:43 [INFO] [reviews] Office_Products: 6,400,000 rows so far (44,289 rows/s)
2026-08-25 09:32:47 [INFO] [reviews] Office_Products: 6,600,000 rows so far (44,363 rows/s)
2026-08-25 09:32:51 [INFO] [reviews] Office_Products: 6,800,000 rows so far (44,431 rows/s)
2026-08-25 09:32:56 [INFO] [reviews] Office_Products: 7,000,000 rows so far (44,484 rows/s)
2026-08-25 09:33:00 [INFO] [reviews] Office_Products: 7,200,000 rows so far (44,541 rows/s)
2026-08-25 09:33:04 [INFO] [reviews] Office_Products: 7,400,000 rows so far (44,619 rows/s)
2026-08-25 09:33:08 [INFO] [reviews] Office_Products: 7,600,000 rows so far (44,699 rows/s)
2026-08-25 09:33:13 [INFO] [reviews] Office_Products: 7,800,000 rows so far (44,757 rows/s)
2026-08-25 09:33:17 [INFO] [reviews] Office_Products: 8,000,000 rows so far (44,841 rows/s)
2026-08-25 09:33:21 [INFO] [reviews] Office_Products: 8,200,000 rows so far (44,890 rows/s)
2026-08-25 09:33:25 [INFO] [reviews] Office_Products: 8,400,000 rows so far (44,953 rows/s)
2026-08-25 09:33:29 [INFO] [reviews] Office_Products: 8,600,000 rows so far (44,972 rows/s)
2026-08-25 09:33:34 [INFO] [reviews] Office_Products: 8,800,000 rows so far (44,994 rows/s)
2026-08-25 09:33:38 [INFO] [reviews] Office_Products: 9,000,000 rows so far (44,990 rows/s)
2026-08-25 09:33:43 [INFO] [reviews] Office_Products: 9,200,000 rows so far (44,989 rows/s)
2026-08-25 09:33:47 [INFO] [reviews] Office_Products: 9,400,000 rows so far (45,049 rows/s)
2026-08-25 09:33:51 [INFO] [reviews] Office_Products: 9,600,000 rows so far (45,064 rows/s)
2026-08-25 09:33:55 [INFO] [reviews] Office_Products: 9,800,000 rows so far (45,132 rows/s)
2026-08-25 09:34:00 [INFO] [reviews] Office_Products: 10,000,000 rows so far (45,187 rows/s)
2026-08-25 09:34:04 [INFO] [reviews] Office_Products: 10,200,000 rows so far (45,232 rows/s)
2026-08-25 09:34:08 [INFO] [reviews] Office_Products: 10,400,000 rows so far (45,279 rows/s)
2026-08-25 09:34:12 [INFO] [reviews] Office_Products: 10,600,000 rows so far (45,304 rows/s)
2026-08-25 09:34:16 [INFO] [reviews] Office_Products: 10,800,000 rows so far (45,339 rows/s)
2026-08-25 09:34:21 [INFO] [reviews] Office_Products: 11,000,000 rows so far (45,360 rows/s)
2026-08-25 09:34:25 [INFO] [reviews] Office_Products: 11,200,000 rows so far (45,406 rows/s)
2026-08-25 09:34:29 [INFO] [reviews] Office_Products: 11,400,000 rows so far (45,415 rows/s)
2026-08-25 09:34:34 [INFO] [reviews] Office_Products: 11,600,000 rows so far (45,428 rows/s)
2026-08-25 09:34:38 [INFO] [reviews] Office_Products: 11,800,000 rows so far (45,451 rows/s)
2026-08-25 09:34:42 [INFO] [reviews] Office_Products: 12,000,000 rows so far (45,470 rows/s)
2026-08-25 09:34:46 [INFO] [reviews] Office_Products: 12,200,000 rows so far (45,479 rows/s)
2026-08-25 09:34:51 [INFO] [reviews] Office_Products: 12,400,000 rows so far (45,484 rows/s)
2026-08-25 09:34:55 [INFO] [reviews] Office_Products: 12,600,000 rows so far (45,512 rows/s)
2026-08-25 09:34:59 [INFO] [reviews] Office_Products: 12,800,000 rows so far (45,551 rows/s)
2026-08-25 09:35:00 [INFO] [reviews] Office_Products: wrote 12,845,712 rows in 282.0s -> /kaggle/working/amazon2023/reviews_by_category/Office_Products.parquet
2026-08-25 09:35:00 [INFO] [meta] Office_Products: starting download from https://mcauleylab.ucsd.edu/public_datasets/data/amazon_2023/raw/meta_categories/meta_Office_Products.jsonl.gz
2026-08-25 09:35:27 [INFO] [meta] Office_Products: 200,000 rows so far (7,436 rows/s)
2026-08-25 09:35:53 [INFO] [meta] Office_Products: 400,000 rows so far (7,574 rows/s)
2026-08-25 09:36:17 [INFO] [meta] Office_Products: 600,000 rows so far (7,844 rows/s)
2026-08-25 09:36:29 [INFO] [meta] Office_Products: wrote 710,503 rows in 88.4s -> /kaggle/working/amazon2023/meta_by_category/Office_Products.parquet
2026-08-25 09:36:29 [INFO] Current output size: 16.25 GB
2026-08-25 09:36:29 [INFO] [reviews] Patio_Lawn_and_Garden: starting download from https://mcauleylab.ucsd.edu/public_datasets/data/amazon_2023/raw/review_categories/Patio_Lawn_and_Garden.jsonl.gz
2026-08-25 09:36:33 [INFO] [reviews] Patio_Lawn_and_Garden: 200,000 rows so far (42,161 rows/s)
2026-08-25 09:36:38 [INFO] [reviews] Patio_Lawn_and_Garden: 400,000 rows so far (43,104 rows/s)
2026-08-25 09:36:42 [INFO] [reviews] Patio_Lawn_and_Garden: 600,000 rows so far (43,755 rows/s)
2026-08-25 09:36:47 [INFO] [reviews] Patio_Lawn_and_Garden: 800,000 rows so far (44,166 rows/s)
2026-08-25 09:36:51 [INFO] [reviews] Patio_Lawn_and_Garden: 1,000,000 rows so far (44,580 rows/s)
2026-08-25 09:36:55 [INFO] [reviews] Patio_Lawn_and_Garden: 1,200,000 rows so far (45,051 rows/s)
2026-08-25 09:37:00 [INFO] [reviews] Patio_Lawn_and_Garden: 1,400,000 rows so far (45,316 rows/s)
2026-08-25 09:37:04 [INFO] [reviews] Patio_Lawn_and_Garden: 1,600,000 rows so far (45,504 rows/s)
2026-08-25 09:37:08 [INFO] [reviews] Patio_Lawn_and_Garden: 1,800,000 rows so far (45,667 rows/s)
2026-08-25 09:37:12 [INFO] [reviews] Patio_Lawn_and_Garden: 2,000,000 rows so far (45,864 rows/s)
2026-08-25 09:37:16 [INFO] [reviews] Patio_Lawn_and_Garden: 2,200,000 rows so far (46,031 rows/s)
2026-08-25 09:37:21 [INFO] [reviews] Patio_Lawn_and_Garden: 2,400,000 rows so far (46,151 rows/s)
2026-08-25 09:37:25 [INFO] [reviews] Patio_Lawn_and_Garden: 2,600,000 rows so far (46,350 rows/s)
2026-08-25 09:37:29 [INFO] [reviews] Patio_Lawn_and_Garden: 2,800,000 rows so far (46,369 rows/s)
2026-08-25 09:37:34 [INFO] [reviews] Patio_Lawn_and_Garden: 3,000,000 rows so far (46,230 rows/s)
2026-08-25 09:37:38 [INFO] [reviews] Patio_Lawn_and_Garden: 3,200,000 rows so far (46,114 rows/s)
2026-08-25 09:37:42 [INFO] [reviews] Patio_Lawn_and_Garden: 3,400,000 rows so far (46,198 rows/s)
2026-08-25 09:37:46 [INFO] [reviews] Patio_Lawn_and_Garden: 3,600,000 rows so far (46,311 rows/s)
2026-08-25 09:37:51 [INFO] [reviews] Patio_Lawn_and_Garden: 3,800,000 rows so far (46,300 rows/s)
2026-08-25 09:37:55 [INFO] [reviews] Patio_Lawn_and_Garden: 4,000,000 rows so far (46,341 rows/s)
2026-08-25 09:37:59 [INFO] [reviews] Patio_Lawn_and_Garden: 4,200,000 rows so far (46,329 rows/s)
2026-08-25 09:38:03 [INFO] [reviews] Patio_Lawn_and_Garden: 4,400,000 rows so far (46,394 rows/s)
2026-08-25 09:38:08 [INFO] [reviews] Patio_Lawn_and_Garden: 4,600,000 rows so far (46,467 rows/s)
2026-08-25 09:38:12 [INFO] [reviews] Patio_Lawn_and_Garden: 4,800,000 rows so far (46,370 rows/s)
2026-08-25 09:38:17 [INFO] [reviews] Patio_Lawn_and_Garden: 5,000,000 rows so far (46,320 rows/s)
2026-08-25 09:38:21 [INFO] [reviews] Patio_Lawn_and_Garden: 5,200,000 rows so far (46,254 rows/s)
2026-08-25 09:38:25 [INFO] [reviews] Patio_Lawn_and_Garden: 5,400,000 rows so far (46,236 rows/s)
2026-08-25 09:38:30 [INFO] [reviews] Patio_Lawn_and_Garden: 5,600,000 rows so far (46,155 rows/s)
2026-08-25 09:38:34 [INFO] [reviews] Patio_Lawn_and_Garden: 5,800,000 rows so far (46,155 rows/s)
2026-08-25 09:38:39 [INFO] [reviews] Patio_Lawn_and_Garden: 6,000,000 rows so far (46,187 rows/s)
2026-08-25 09:38:43 [INFO] [reviews] Patio_Lawn_and_Garden: 6,200,000 rows so far (46,196 rows/s)
2026-08-25 09:38:47 [INFO] [reviews] Patio_Lawn_and_Garden: 6,400,000 rows so far (46,229 rows/s)
2026-08-25 09:38:51 [INFO] [reviews] Patio_Lawn_and_Garden: 6,600,000 rows so far (46,231 rows/s)
2026-08-25 09:38:56 [INFO] [reviews] Patio_Lawn_and_Garden: 6,800,000 rows so far (46,199 rows/s)
2026-08-25 09:39:00 [INFO] [reviews] Patio_Lawn_and_Garden: 7,000,000 rows so far (46,218 rows/s)
2026-08-25 09:39:04 [INFO] [reviews] Patio_Lawn_and_Garden: 7,200,000 rows so far (46,224 rows/s)
2026-08-25 09:39:09 [INFO] [reviews] Patio_Lawn_and_Garden: 7,400,000 rows so far (46,197 rows/s)
2026-08-25 09:39:13 [INFO] [reviews] Patio_Lawn_and_Garden: 7,600,000 rows so far (46,187 rows/s)
2026-08-25 09:39:18 [INFO] [reviews] Patio_Lawn_and_Garden: 7,800,000 rows so far (46,185 rows/s)
2026-08-25 09:39:22 [INFO] [reviews] Patio_Lawn_and_Garden: 8,000,000 rows so far (46,192 rows/s)
2026-08-25 09:39:26 [INFO] [reviews] Patio_Lawn_and_Garden: 8,200,000 rows so far (46,189 rows/s)
2026-08-25 09:39:31 [INFO] [reviews] Patio_Lawn_and_Garden: 8,400,000 rows so far (46,139 rows/s)
2026-08-25 09:39:35 [INFO] [reviews] Patio_Lawn_and_Garden: 8,600,000 rows so far (46,164 rows/s)
2026-08-25 09:39:39 [INFO] [reviews] Patio_Lawn_and_Garden: 8,800,000 rows so far (46,120 rows/s)
2026-08-25 09:39:44 [INFO] [reviews] Patio_Lawn_and_Garden: 9,000,000 rows so far (46,088 rows/s)
2026-08-25 09:39:48 [INFO] [reviews] Patio_Lawn_and_Garden: 9,200,000 rows so far (46,086 rows/s)
2026-08-25 09:39:53 [INFO] [reviews] Patio_Lawn_and_Garden: 9,400,000 rows so far (46,052 rows/s)
2026-08-25 09:39:57 [INFO] [reviews] Patio_Lawn_and_Garden: 9,600,000 rows so far (46,059 rows/s)
2026-08-25 09:40:01 [INFO] [reviews] Patio_Lawn_and_Garden: 9,800,000 rows so far (46,083 rows/s)
2026-08-25 09:40:06 [INFO] [reviews] Patio_Lawn_and_Garden: 10,000,000 rows so far (46,087 rows/s)
2026-08-25 09:40:10 [INFO] [reviews] Patio_Lawn_and_Garden: 10,200,000 rows so far (46,110 rows/s)
2026-08-25 09:40:14 [INFO] [reviews] Patio_Lawn_and_Garden: 10,400,000 rows so far (46,153 rows/s)
2026-08-25 09:40:18 [INFO] [reviews] Patio_Lawn_and_Garden: 10,600,000 rows so far (46,135 rows/s)
2026-08-25 09:40:23 [INFO] [reviews] Patio_Lawn_and_Garden: 10,800,000 rows so far (46,110 rows/s)
2026-08-25 09:40:27 [INFO] [reviews] Patio_Lawn_and_Garden: 11,000,000 rows so far (46,108 rows/s)
2026-08-25 09:40:32 [INFO] [reviews] Patio_Lawn_and_Garden: 11,200,000 rows so far (46,110 rows/s)
2026-08-25 09:40:36 [INFO] [reviews] Patio_Lawn_and_Garden: 11,400,000 rows so far (46,132 rows/s)
2026-08-25 09:40:40 [INFO] [reviews] Patio_Lawn_and_Garden: 11,600,000 rows so far (46,154 rows/s)
2026-08-25 09:40:44 [INFO] [reviews] Patio_Lawn_and_Garden: 11,800,000 rows so far (46,186 rows/s)
2026-08-25 09:40:48 [INFO] [reviews] Patio_Lawn_and_Garden: 12,000,000 rows so far (46,194 rows/s)
2026-08-25 09:40:53 [INFO] [reviews] Patio_Lawn_and_Garden: 12,200,000 rows so far (46,231 rows/s)
2026-08-25 09:40:57 [INFO] [reviews] Patio_Lawn_and_Garden: 12,400,000 rows so far (46,269 rows/s)
2026-08-25 09:41:01 [INFO] [reviews] Patio_Lawn_and_Garden: 12,600,000 rows so far (46,298 rows/s)
2026-08-25 09:41:05 [INFO] [reviews] Patio_Lawn_and_Garden: 12,800,000 rows so far (46,326 rows/s)
2026-08-25 09:41:09 [INFO] [reviews] Patio_Lawn_and_Garden: 13,000,000 rows so far (46,327 rows/s)
2026-08-25 09:41:14 [INFO] [reviews] Patio_Lawn_and_Garden: 13,200,000 rows so far (46,321 rows/s)
2026-08-25 09:41:18 [INFO] [reviews] Patio_Lawn_and_Garden: 13,400,000 rows so far (46,325 rows/s)
2026-08-25 09:41:22 [INFO] [reviews] Patio_Lawn_and_Garden: 13,600,000 rows so far (46,363 rows/s)
2026-08-25 09:41:26 [INFO] [reviews] Patio_Lawn_and_Garden: 13,800,000 rows so far (46,405 rows/s)
2026-08-25 09:41:30 [INFO] [reviews] Patio_Lawn_and_Garden: 14,000,000 rows so far (46,442 rows/s)
2026-08-25 09:41:34 [INFO] [reviews] Patio_Lawn_and_Garden: 14,200,000 rows so far (46,473 rows/s)
2026-08-25 09:41:38 [INFO] [reviews] Patio_Lawn_and_Garden: 14,400,000 rows so far (46,490 rows/s)
2026-08-25 09:41:42 [INFO] [reviews] Patio_Lawn_and_Garden: 14,600,000 rows so far (46,517 rows/s)
2026-08-25 09:41:47 [INFO] [reviews] Patio_Lawn_and_Garden: 14,800,000 rows so far (46,545 rows/s)
2026-08-25 09:41:51 [INFO] [reviews] Patio_Lawn_and_Garden: 15,000,000 rows so far (46,558 rows/s)
2026-08-25 09:41:55 [INFO] [reviews] Patio_Lawn_and_Garden: 15,200,000 rows so far (46,581 rows/s)
2026-08-25 09:41:59 [INFO] [reviews] Patio_Lawn_and_Garden: 15,400,000 rows so far (46,602 rows/s)
2026-08-25 09:42:03 [INFO] [reviews] Patio_Lawn_and_Garden: 15,600,000 rows so far (46,621 rows/s)
2026-08-25 09:42:07 [INFO] [reviews] Patio_Lawn_and_Garden: 15,800,000 rows so far (46,643 rows/s)
2026-08-25 09:42:12 [INFO] [reviews] Patio_Lawn_and_Garden: 16,000,000 rows so far (46,635 rows/s)
2026-08-25 09:42:16 [INFO] [reviews] Patio_Lawn_and_Garden: 16,200,000 rows so far (46,645 rows/s)
2026-08-25 09:42:20 [INFO] [reviews] Patio_Lawn_and_Garden: 16,400,000 rows so far (46,649 rows/s)
2026-08-25 09:42:22 [INFO] [reviews] Patio_Lawn_and_Garden: wrote 16,490,047 rows in 353.5s -> /kaggle/working/amazon2023/reviews_by_category/Patio_Lawn_and_Garden.parquet
2026-08-25 09:42:22 [INFO] [meta] Patio_Lawn_and_Garden: starting download from https://mcauleylab.ucsd.edu/public_datasets/data/amazon_2023/raw/meta_categories/meta_Patio_Lawn_and_Garden.jsonl.gz
2026-08-25 09:42:49 [INFO] [meta] Patio_Lawn_and_Garden: 200,000 rows so far (7,435 rows/s)
2026-08-25 09:43:15 [INFO] [meta] Patio_Lawn_and_Garden: 400,000 rows so far (7,580 rows/s)
2026-08-25 09:43:39 [INFO] [meta] Patio_Lawn_and_Garden: 600,000 rows so far (7,830 rows/s)
2026-08-25 09:44:01 [INFO] [meta] Patio_Lawn_and_Garden: 800,000 rows so far (8,119 rows/s)
2026-08-25 09:44:06 [INFO] [meta] Patio_Lawn_and_Garden: wrote 851,907 rows in 104.1s -> /kaggle/working/amazon2023/meta_by_category/Patio_Lawn_and_Garden.parquet
2026-08-25 09:44:06 [INFO] Current output size: 16.81 GB
2026-08-25 09:44:06 [INFO] [reviews] Pet_Supplies: starting download from https://mcauleylab.ucsd.edu/public_datasets/data/amazon_2023/raw/review_categories/Pet_Supplies.jsonl.gz
2026-08-25 09:44:11 [INFO] [reviews] Pet_Supplies: 200,000 rows so far (42,380 rows/s)
2026-08-25 09:44:15 [INFO] [reviews] Pet_Supplies: 400,000 rows so far (45,030 rows/s)
2026-08-25 09:44:19 [INFO] [reviews] Pet_Supplies: 600,000 rows so far (45,768 rows/s)
2026-08-25 09:44:23 [INFO] [reviews] Pet_Supplies: 800,000 rows so far (46,203 rows/s)
2026-08-25 09:44:28 [INFO] [reviews] Pet_Supplies: 1,000,000 rows so far (46,207 rows/s)
2026-08-25 09:44:32 [INFO] [reviews] Pet_Supplies: 1,200,000 rows so far (46,304 rows/s)
2026-08-25 09:44:36 [INFO] [reviews] Pet_Supplies: 1,400,000 rows so far (46,416 rows/s)
2026-08-25 09:44:41 [INFO] [reviews] Pet_Supplies: 1,600,000 rows so far (46,394 rows/s)
2026-08-25 09:44:45 [INFO] [reviews] Pet_Supplies: 1,800,000 rows so far (46,587 rows/s)
2026-08-25 09:44:49 [INFO] [reviews] Pet_Supplies: 2,000,000 rows so far (46,722 rows/s)
2026-08-25 09:44:53 [INFO] [reviews] Pet_Supplies: 2,200,000 rows so far (46,753 rows/s)
2026-08-25 09:44:57 [INFO] [reviews] Pet_Supplies: 2,400,000 rows so far (46,803 rows/s)
2026-08-25 09:45:02 [INFO] [reviews] Pet_Supplies: 2,600,000 rows so far (46,701 rows/s)
2026-08-25 09:45:06 [INFO] [reviews] Pet_Supplies: 2,800,000 rows so far (46,621 rows/s)
2026-08-25 09:45:11 [INFO] [reviews] Pet_Supplies: 3,000,000 rows so far (46,628 rows/s)
2026-08-25 09:45:15 [INFO] [reviews] Pet_Supplies: 3,200,000 rows so far (46,662 rows/s)
2026-08-25 09:45:19 [INFO] [reviews] Pet_Supplies: 3,400,000 rows so far (46,660 rows/s)
2026-08-25 09:45:23 [INFO] [reviews] Pet_Supplies: 3,600,000 rows so far (46,679 rows/s)
2026-08-25 09:45:28 [INFO] [reviews] Pet_Supplies: 3,800,000 rows so far (46,690 rows/s)
2026-08-25 09:45:32 [INFO] [reviews] Pet_Supplies: 4,000,000 rows so far (46,751 rows/s)
2026-08-25 09:45:36 [INFO] [reviews] Pet_Supplies: 4,200,000 rows so far (46,771 rows/s)
2026-08-25 09:45:40 [INFO] [reviews] Pet_Supplies: 4,400,000 rows so far (46,844 rows/s)
2026-08-25 09:45:44 [INFO] [reviews] Pet_Supplies: 4,600,000 rows so far (46,958 rows/s)
2026-08-25 09:45:48 [INFO] [reviews] Pet_Supplies: 4,800,000 rows so far (47,015 rows/s)
2026-08-25 09:45:52 [INFO] [reviews] Pet_Supplies: 5,000,000 rows so far (47,081 rows/s)
2026-08-25 09:45:57 [INFO] [reviews] Pet_Supplies: 5,200,000 rows so far (47,098 rows/s)
2026-08-25 09:46:01 [INFO] [reviews] Pet_Supplies: 5,400,000 rows so far (46,854 rows/s)
2026-08-25 09:46:06 [INFO] [reviews] Pet_Supplies: 5,600,000 rows so far (46,923 rows/s)
2026-08-25 09:46:10 [INFO] [reviews] Pet_Supplies: 5,800,000 rows so far (46,983 rows/s)
2026-08-25 09:46:14 [INFO] [reviews] Pet_Supplies: 6,000,000 rows so far (47,043 rows/s)
2026-08-25 09:46:18 [INFO] [reviews] Pet_Supplies: 6,200,000 rows so far (47,058 rows/s)
2026-08-25 09:46:22 [INFO] [reviews] Pet_Supplies: 6,400,000 rows so far (47,032 rows/s)
2026-08-25 09:46:27 [INFO] [reviews] Pet_Supplies: 6,600,000 rows so far (46,928 rows/s)
2026-08-25 09:46:31 [INFO] [reviews] Pet_Supplies: 6,800,000 rows so far (46,900 rows/s)
2026-08-25 09:46:36 [INFO] [reviews] Pet_Supplies: 7,000,000 rows so far (46,872 rows/s)
2026-08-25 09:46:40 [INFO] [reviews] Pet_Supplies: 7,200,000 rows so far (46,832 rows/s)
2026-08-25 09:46:44 [INFO] [reviews] Pet_Supplies: 7,400,000 rows so far (46,850 rows/s)
2026-08-25 09:46:48 [INFO] [reviews] Pet_Supplies: 7,600,000 rows so far (46,897 rows/s)
2026-08-25 09:46:52 [INFO] [reviews] Pet_Supplies: 7,800,000 rows so far (46,899 rows/s)
2026-08-25 09:46:57 [INFO] [reviews] Pet_Supplies: 8,000,000 rows so far (46,907 rows/s)
2026-08-25 09:47:01 [INFO] [reviews] Pet_Supplies: 8,200,000 rows so far (46,945 rows/s)
2026-08-25 09:47:05 [INFO] [reviews] Pet_Supplies: 8,400,000 rows so far (46,968 rows/s)
2026-08-25 09:47:09 [INFO] [reviews] Pet_Supplies: 8,600,000 rows so far (46,953 rows/s)
2026-08-25 09:47:14 [INFO] [reviews] Pet_Supplies: 8,800,000 rows so far (46,966 rows/s)
2026-08-25 09:47:18 [INFO] [reviews] Pet_Supplies: 9,000,000 rows so far (46,906 rows/s)
2026-08-25 09:47:23 [INFO] [reviews] Pet_Supplies: 9,200,000 rows so far (46,854 rows/s)
2026-08-25 09:47:27 [INFO] [reviews] Pet_Supplies: 9,400,000 rows so far (46,821 rows/s)
2026-08-25 09:47:31 [INFO] [reviews] Pet_Supplies: 9,600,000 rows so far (46,778 rows/s)
2026-08-25 09:47:36 [INFO] [reviews] Pet_Supplies: 9,800,000 rows so far (46,766 rows/s)
2026-08-25 09:47:40 [INFO] [reviews] Pet_Supplies: 10,000,000 rows so far (46,758 rows/s)
2026-08-25 09:47:44 [INFO] [reviews] Pet_Supplies: 10,200,000 rows so far (46,738 rows/s)
2026-08-25 09:47:49 [INFO] [reviews] Pet_Supplies: 10,400,000 rows so far (46,711 rows/s)
2026-08-25 09:47:53 [INFO] [reviews] Pet_Supplies: 10,600,000 rows so far (46,700 rows/s)
2026-08-25 09:47:57 [INFO] [reviews] Pet_Supplies: 10,800,000 rows so far (46,704 rows/s)
2026-08-25 09:48:02 [INFO] [reviews] Pet_Supplies: 11,000,000 rows so far (46,701 rows/s)
2026-08-25 09:48:06 [INFO] [reviews] Pet_Supplies: 11,200,000 rows so far (46,705 rows/s)
2026-08-25 09:48:10 [INFO] [reviews] Pet_Supplies: 11,400,000 rows so far (46,733 rows/s)
2026-08-25 09:48:14 [INFO] [reviews] Pet_Supplies: 11,600,000 rows so far (46,772 rows/s)
2026-08-25 09:48:18 [INFO] [reviews] Pet_Supplies: 11,800,000 rows so far (46,784 rows/s)
2026-08-25 09:48:23 [INFO] [reviews] Pet_Supplies: 12,000,000 rows so far (46,811 rows/s)
2026-08-25 09:48:27 [INFO] [reviews] Pet_Supplies: 12,200,000 rows so far (46,823 rows/s)
2026-08-25 09:48:31 [INFO] [reviews] Pet_Supplies: 12,400,000 rows so far (46,799 rows/s)
2026-08-25 09:48:36 [INFO] [reviews] Pet_Supplies: 12,600,000 rows so far (46,784 rows/s)
2026-08-25 09:48:40 [INFO] [reviews] Pet_Supplies: 12,800,000 rows so far (46,737 rows/s)
2026-08-25 09:48:45 [INFO] [reviews] Pet_Supplies: 13,000,000 rows so far (46,701 rows/s)
2026-08-25 09:48:49 [INFO] [reviews] Pet_Supplies: 13,200,000 rows so far (46,668 rows/s)
2026-08-25 09:48:53 [INFO] [reviews] Pet_Supplies: 13,400,000 rows so far (46,659 rows/s)
2026-08-25 09:48:58 [INFO] [reviews] Pet_Supplies: 13,600,000 rows so far (46,665 rows/s)
2026-08-25 09:49:02 [INFO] [reviews] Pet_Supplies: 13,800,000 rows so far (46,669 rows/s)
2026-08-25 09:49:06 [INFO] [reviews] Pet_Supplies: 14,000,000 rows so far (46,683 rows/s)
2026-08-25 09:49:10 [INFO] [reviews] Pet_Supplies: 14,200,000 rows so far (46,691 rows/s)
2026-08-25 09:49:14 [INFO] [reviews] Pet_Supplies: 14,400,000 rows so far (46,705 rows/s)
2026-08-25 09:49:19 [INFO] [reviews] Pet_Supplies: 14,600,000 rows so far (46,730 rows/s)
2026-08-25 09:49:23 [INFO] [reviews] Pet_Supplies: 14,800,000 rows so far (46,749 rows/s)
2026-08-25 09:49:27 [INFO] [reviews] Pet_Supplies: 15,000,000 rows so far (46,735 rows/s)
2026-08-25 09:49:32 [INFO] [reviews] Pet_Supplies: 15,200,000 rows so far (46,698 rows/s)
2026-08-25 09:49:39 [INFO] [reviews] Pet_Supplies: 15,400,000 rows so far (46,310 rows/s)
2026-08-25 09:49:44 [INFO] [reviews] Pet_Supplies: 15,600,000 rows so far (46,168 rows/s)
2026-08-25 09:49:49 [INFO] [reviews] Pet_Supplies: 15,800,000 rows so far (46,127 rows/s)
2026-08-25 09:49:53 [INFO] [reviews] Pet_Supplies: 16,000,000 rows so far (46,098 rows/s)
2026-08-25 09:49:58 [INFO] [reviews] Pet_Supplies: 16,200,000 rows so far (46,105 rows/s)
2026-08-25 09:50:02 [INFO] [reviews] Pet_Supplies: 16,400,000 rows so far (46,105 rows/s)
2026-08-25 09:50:06 [INFO] [reviews] Pet_Supplies: 16,600,000 rows so far (46,093 rows/s)
2026-08-25 09:50:11 [INFO] [reviews] Pet_Supplies: 16,800,000 rows so far (46,081 rows/s)
2026-08-25 09:50:11 [INFO] [reviews] Pet_Supplies: wrote 16,827,862 rows in 365.2s -> /kaggle/working/amazon2023/reviews_by_category/Pet_Supplies.parquet
2026-08-25 09:50:11 [INFO] [meta] Pet_Supplies: starting download from https://mcauleylab.ucsd.edu/public_datasets/data/amazon_2023/raw/meta_categories/meta_Pet_Supplies.jsonl.gz
2026-08-25 09:50:38 [INFO] [meta] Pet_Supplies: 200,000 rows so far (7,615 rows/s)
2026-08-25 09:51:01 [INFO] [meta] Pet_Supplies: 400,000 rows so far (8,008 rows/s)
2026-08-25 09:51:11 [INFO] [meta] Pet_Supplies: wrote 492,798 rows in 59.7s -> /kaggle/working/amazon2023/meta_by_category/Pet_Supplies.parquet
2026-08-25 09:51:11 [INFO] Current output size: 17.26 GB
2026-08-25 09:51:11 [INFO] [reviews] Software: starting download from https://mcauleylab.ucsd.edu/public_datasets/data/amazon_2023/raw/review_categories/Software.jsonl.gz
2026-08-25 09:51:15 [INFO] [reviews] Software: 200,000 rows so far (51,567 rows/s)
2026-08-25 09:51:19 [INFO] [reviews] Software: 400,000 rows so far (53,332 rows/s)
2026-08-25 09:51:22 [INFO] [reviews] Software: 600,000 rows so far (53,569 rows/s)
2026-08-25 09:51:26 [INFO] [reviews] Software: 800,000 rows so far (53,912 rows/s)
2026-08-25 09:51:30 [INFO] [reviews] Software: 1,000,000 rows so far (54,130 rows/s)
2026-08-25 09:51:33 [INFO] [reviews] Software: 1,200,000 rows so far (54,233 rows/s)
2026-08-25 09:51:37 [INFO] [reviews] Software: 1,400,000 rows so far (54,298 rows/s)
2026-08-25 09:51:41 [INFO] [reviews] Software: 1,600,000 rows so far (54,346 rows/s)
2026-08-25 09:51:44 [INFO] [reviews] Software: 1,800,000 rows so far (54,450 rows/s)
2026-08-25 09:51:48 [INFO] [reviews] Software: 2,000,000 rows so far (54,798 rows/s)
2026-08-25 09:51:51 [INFO] [reviews] Software: 2,200,000 rows so far (54,882 rows/s)
2026-08-25 09:51:55 [INFO] [reviews] Software: 2,400,000 rows so far (54,798 rows/s)
2026-08-25 09:51:59 [INFO] [reviews] Software: 2,600,000 rows so far (54,701 rows/s)
2026-08-25 09:52:02 [INFO] [reviews] Software: 2,800,000 rows so far (54,764 rows/s)
2026-08-25 09:52:06 [INFO] [reviews] Software: 3,000,000 rows so far (54,744 rows/s)
2026-08-25 09:52:10 [INFO] [reviews] Software: 3,200,000 rows so far (54,683 rows/s)
2026-08-25 09:52:13 [INFO] [reviews] Software: 3,400,000 rows so far (54,621 rows/s)
2026-08-25 09:52:17 [INFO] [reviews] Software: 3,600,000 rows so far (54,655 rows/s)
2026-08-25 09:52:21 [INFO] [reviews] Software: 3,800,000 rows so far (54,713 rows/s)
2026-08-25 09:52:24 [INFO] [reviews] Software: 4,000,000 rows so far (54,703 rows/s)
2026-08-25 09:52:28 [INFO] [reviews] Software: 4,200,000 rows so far (54,645 rows/s)
2026-08-25 09:52:32 [INFO] [reviews] Software: 4,400,000 rows so far (54,659 rows/s)
2026-08-25 09:52:35 [INFO] [reviews] Software: 4,600,000 rows so far (54,678 rows/s)
2026-08-25 09:52:39 [INFO] [reviews] Software: 4,800,000 rows so far (54,641 rows/s)
2026-08-25 09:52:40 [INFO] [reviews] Software: wrote 4,880,181 rows in 89.3s -> /kaggle/working/amazon2023/reviews_by_category/Software.parquet
2026-08-25 09:52:40 [INFO] [meta] Software: starting download from https://mcauleylab.ucsd.edu/public_datasets/data/amazon_2023/raw/meta_categories/meta_Software.jsonl.gz
2026-08-25 09:52:50 [INFO] [meta] Software: wrote 89,251 rows in 9.7s -> /kaggle/working/amazon2023/meta_by_category/Software.parquet
2026-08-25 09:52:50 [INFO] Current output size: 17.40 GB
2026-08-25 09:52:50 [INFO] [reviews] Sports_and_Outdoors: starting download from https://mcauleylab.ucsd.edu/public_datasets/data/amazon_2023/raw/review_categories/Sports_and_Outdoors.jsonl.gz
2026-08-25 09:52:55 [INFO] [reviews] Sports_and_Outdoors: 200,000 rows so far (43,968 rows/s)
2026-08-25 09:52:59 [INFO] [reviews] Sports_and_Outdoors: 400,000 rows so far (46,350 rows/s)
2026-08-25 09:53:03 [INFO] [reviews] Sports_and_Outdoors: 600,000 rows so far (46,466 rows/s)
2026-08-25 09:53:07 [INFO] [reviews] Sports_and_Outdoors: 800,000 rows so far (47,014 rows/s)
2026-08-25 09:53:11 [INFO] [reviews] Sports_and_Outdoors: 1,000,000 rows so far (47,181 rows/s)
2026-08-25 09:53:15 [INFO] [reviews] Sports_and_Outdoors: 1,200,000 rows so far (47,410 rows/s)
2026-08-25 09:53:20 [INFO] [reviews] Sports_and_Outdoors: 1,400,000 rows so far (47,412 rows/s)
2026-08-25 09:53:24 [INFO] [reviews] Sports_and_Outdoors: 1,600,000 rows so far (47,552 rows/s)
2026-08-25 09:53:28 [INFO] [reviews] Sports_and_Outdoors: 1,800,000 rows so far (47,645 rows/s)
2026-08-25 09:53:32 [INFO] [reviews] Sports_and_Outdoors: 2,000,000 rows so far (47,664 rows/s)
2026-08-25 09:53:36 [INFO] [reviews] Sports_and_Outdoors: 2,200,000 rows so far (47,676 rows/s)
2026-08-25 09:53:40 [INFO] [reviews] Sports_and_Outdoors: 2,400,000 rows so far (47,710 rows/s)
2026-08-25 09:53:45 [INFO] [reviews] Sports_and_Outdoors: 2,600,000 rows so far (47,833 rows/s)
2026-08-25 09:53:49 [INFO] [reviews] Sports_and_Outdoors: 2,800,000 rows so far (47,877 rows/s)
2026-08-25 09:53:53 [INFO] [reviews] Sports_and_Outdoors: 3,000,000 rows so far (47,934 rows/s)
2026-08-25 09:53:57 [INFO] [reviews] Sports_and_Outdoors: 3,200,000 rows so far (47,910 rows/s)
2026-08-25 09:54:01 [INFO] [reviews] Sports_and_Outdoors: 3,400,000 rows so far (47,856 rows/s)
2026-08-25 09:54:07 [INFO] [reviews] Sports_and_Outdoors: 3,600,000 rows so far (46,657 rows/s)
2026-08-25 09:54:12 [INFO] [reviews] Sports_and_Outdoors: 3,800,000 rows so far (46,666 rows/s)
2026-08-25 09:54:16 [INFO] [reviews] Sports_and_Outdoors: 4,000,000 rows so far (46,716 rows/s)
2026-08-25 09:54:20 [INFO] [reviews] Sports_and_Outdoors: 4,200,000 rows so far (46,706 rows/s)
2026-08-25 09:54:24 [INFO] [reviews] Sports_and_Outdoors: 4,400,000 rows so far (46,743 rows/s)
2026-08-25 09:54:28 [INFO] [reviews] Sports_and_Outdoors: 4,600,000 rows so far (46,837 rows/s)
2026-08-25 09:54:32 [INFO] [reviews] Sports_and_Outdoors: 4,800,000 rows so far (46,951 rows/s)
2026-08-25 09:54:36 [INFO] [reviews] Sports_and_Outdoors: 5,000,000 rows so far (47,042 rows/s)
2026-08-25 09:54:41 [INFO] [reviews] Sports_and_Outdoors: 5,200,000 rows so far (47,063 rows/s)
2026-08-25 09:54:45 [INFO] [reviews] Sports_and_Outdoors: 5,400,000 rows so far (47,131 rows/s)
2026-08-25 09:54:49 [INFO] [reviews] Sports_and_Outdoors: 5,600,000 rows so far (47,157 rows/s)
2026-08-25 09:54:53 [INFO] [reviews] Sports_and_Outdoors: 5,800,000 rows so far (47,175 rows/s)
2026-08-25 09:54:57 [INFO] [reviews] Sports_and_Outdoors: 6,000,000 rows so far (47,196 rows/s)
2026-08-25 09:55:02 [INFO] [reviews] Sports_and_Outdoors: 6,200,000 rows so far (47,183 rows/s)
2026-08-25 09:55:06 [INFO] [reviews] Sports_and_Outdoors: 6,400,000 rows so far (47,195 rows/s)
2026-08-25 09:55:10 [INFO] [reviews] Sports_and_Outdoors: 6,600,000 rows so far (47,212 rows/s)
2026-08-25 09:55:14 [INFO] [reviews] Sports_and_Outdoors: 6,800,000 rows so far (47,274 rows/s)
2026-08-25 09:55:18 [INFO] [reviews] Sports_and_Outdoors: 7,000,000 rows so far (47,326 rows/s)
2026-08-25 09:55:22 [INFO] [reviews] Sports_and_Outdoors: 7,200,000 rows so far (47,369 rows/s)
2026-08-25 09:55:26 [INFO] [reviews] Sports_and_Outdoors: 7,400,000 rows so far (47,428 rows/s)
2026-08-25 09:55:30 [INFO] [reviews] Sports_and_Outdoors: 7,600,000 rows so far (47,463 rows/s)
2026-08-25 09:55:34 [INFO] [reviews] Sports_and_Outdoors: 7,800,000 rows so far (47,509 rows/s)
2026-08-25 09:55:39 [INFO] [reviews] Sports_and_Outdoors: 8,000,000 rows so far (47,517 rows/s)
2026-08-25 09:55:43 [INFO] [reviews] Sports_and_Outdoors: 8,200,000 rows so far (47,545 rows/s)
2026-08-25 09:55:47 [INFO] [reviews] Sports_and_Outdoors: 8,400,000 rows so far (47,563 rows/s)
2026-08-25 09:55:51 [INFO] [reviews] Sports_and_Outdoors: 8,600,000 rows so far (47,566 rows/s)
2026-08-25 09:55:55 [INFO] [reviews] Sports_and_Outdoors: 8,800,000 rows so far (47,577 rows/s)
2026-08-25 09:55:59 [INFO] [reviews] Sports_and_Outdoors: 9,000,000 rows so far (47,579 rows/s)
2026-08-25 09:56:03 [INFO] [reviews] Sports_and_Outdoors: 9,200,000 rows so far (47,641 rows/s)
2026-08-25 09:56:07 [INFO] [reviews] Sports_and_Outdoors: 9,400,000 rows so far (47,688 rows/s)
2026-08-25 09:56:12 [INFO] [reviews] Sports_and_Outdoors: 9,600,000 rows so far (47,676 rows/s)
2026-08-25 09:56:16 [INFO] [reviews] Sports_and_Outdoors: 9,800,000 rows so far (47,720 rows/s)
2026-08-25 09:56:20 [INFO] [reviews] Sports_and_Outdoors: 10,000,000 rows so far (47,752 rows/s)
2026-08-25 09:56:24 [INFO] [reviews] Sports_and_Outdoors: 10,200,000 rows so far (47,799 rows/s)
2026-08-25 09:56:28 [INFO] [reviews] Sports_and_Outdoors: 10,400,000 rows so far (47,850 rows/s)
2026-08-25 09:56:32 [INFO] [reviews] Sports_and_Outdoors: 10,600,000 rows so far (47,888 rows/s)
2026-08-25 09:56:36 [INFO] [reviews] Sports_and_Outdoors: 10,800,000 rows so far (47,911 rows/s)
2026-08-25 09:56:40 [INFO] [reviews] Sports_and_Outdoors: 11,000,000 rows so far (47,909 rows/s)
2026-08-25 09:56:44 [INFO] [reviews] Sports_and_Outdoors: 11,200,000 rows so far (47,937 rows/s)
2026-08-25 09:56:48 [INFO] [reviews] Sports_and_Outdoors: 11,400,000 rows so far (47,960 rows/s)
2026-08-25 09:56:52 [INFO] [reviews] Sports_and_Outdoors: 11,600,000 rows so far (47,985 rows/s)
2026-08-25 09:56:56 [INFO] [reviews] Sports_and_Outdoors: 11,800,000 rows so far (48,011 rows/s)
2026-08-25 09:57:00 [INFO] [reviews] Sports_and_Outdoors: 12,000,000 rows so far (48,024 rows/s)
2026-08-25 09:57:04 [INFO] [reviews] Sports_and_Outdoors: 12,200,000 rows so far (48,033 rows/s)
2026-08-25 09:57:08 [INFO] [reviews] Sports_and_Outdoors: 12,400,000 rows so far (48,064 rows/s)
2026-08-25 09:57:12 [INFO] [reviews] Sports_and_Outdoors: 12,600,000 rows so far (48,078 rows/s)
2026-08-25 09:57:16 [INFO] [reviews] Sports_and_Outdoors: 12,800,000 rows so far (48,099 rows/s)
2026-08-25 09:57:20 [INFO] [reviews] Sports_and_Outdoors: 13,000,000 rows so far (48,108 rows/s)
2026-08-25 09:57:24 [INFO] [reviews] Sports_and_Outdoors: 13,200,000 rows so far (48,124 rows/s)
2026-08-25 09:57:29 [INFO] [reviews] Sports_and_Outdoors: 13,400,000 rows so far (48,130 rows/s)
2026-08-25 09:57:33 [INFO] [reviews] Sports_and_Outdoors: 13,600,000 rows so far (48,123 rows/s)
2026-08-25 09:57:37 [INFO] [reviews] Sports_and_Outdoors: 13,800,000 rows so far (48,142 rows/s)
2026-08-25 09:57:41 [INFO] [reviews] Sports_and_Outdoors: 14,000,000 rows so far (48,154 rows/s)
2026-08-25 09:57:45 [INFO] [reviews] Sports_and_Outdoors: 14,200,000 rows so far (48,189 rows/s)
2026-08-25 09:57:49 [INFO] [reviews] Sports_and_Outdoors: 14,400,000 rows so far (48,223 rows/s)
2026-08-25 09:57:53 [INFO] [reviews] Sports_and_Outdoors: 14,600,000 rows so far (48,258 rows/s)
2026-08-25 09:57:57 [INFO] [reviews] Sports_and_Outdoors: 14,800,000 rows so far (48,278 rows/s)
2026-08-25 09:58:01 [INFO] [reviews] Sports_and_Outdoors: 15,000,000 rows so far (48,302 rows/s)
2026-08-25 09:58:05 [INFO] [reviews] Sports_and_Outdoors: 15,200,000 rows so far (48,337 rows/s)
2026-08-25 09:58:09 [INFO] [reviews] Sports_and_Outdoors: 15,400,000 rows so far (48,356 rows/s)
2026-08-25 09:58:13 [INFO] [reviews] Sports_and_Outdoors: 15,600,000 rows so far (48,380 rows/s)
2026-08-25 09:58:17 [INFO] [reviews] Sports_and_Outdoors: 15,800,000 rows so far (48,409 rows/s)
2026-08-25 09:58:21 [INFO] [reviews] Sports_and_Outdoors: 16,000,000 rows so far (48,428 rows/s)
2026-08-25 09:58:24 [INFO] [reviews] Sports_and_Outdoors: 16,200,000 rows so far (48,457 rows/s)
2026-08-25 09:58:29 [INFO] [reviews] Sports_and_Outdoors: 16,400,000 rows so far (48,472 rows/s)
2026-08-25 09:58:32 [INFO] [reviews] Sports_and_Outdoors: 16,600,000 rows so far (48,494 rows/s)
2026-08-25 09:58:37 [INFO] [reviews] Sports_and_Outdoors: 16,800,000 rows so far (48,510 rows/s)
2026-08-25 09:58:41 [INFO] [reviews] Sports_and_Outdoors: 17,000,000 rows so far (48,520 rows/s)
2026-08-25 09:58:45 [INFO] [reviews] Sports_and_Outdoors: 17,200,000 rows so far (48,543 rows/s)
2026-08-25 09:58:49 [INFO] [reviews] Sports_and_Outdoors: 17,400,000 rows so far (48,554 rows/s)
2026-08-25 09:58:52 [INFO] [reviews] Sports_and_Outdoors: 17,600,000 rows so far (48,579 rows/s)
2026-08-25 09:58:56 [INFO] [reviews] Sports_and_Outdoors: 17,800,000 rows so far (48,596 rows/s)
2026-08-25 09:59:00 [INFO] [reviews] Sports_and_Outdoors: 18,000,000 rows so far (48,613 rows/s)
2026-08-25 09:59:04 [INFO] [reviews] Sports_and_Outdoors: 18,200,000 rows so far (48,629 rows/s)
2026-08-25 09:59:08 [INFO] [reviews] Sports_and_Outdoors: 18,400,000 rows so far (48,640 rows/s)
2026-08-25 09:59:12 [INFO] [reviews] Sports_and_Outdoors: 18,600,000 rows so far (48,652 rows/s)
2026-08-25 09:59:16 [INFO] [reviews] Sports_and_Outdoors: 18,800,000 rows so far (48,673 rows/s)
2026-08-25 09:59:20 [INFO] [reviews] Sports_and_Outdoors: 19,000,000 rows so far (48,691 rows/s)
2026-08-25 09:59:24 [INFO] [reviews] Sports_and_Outdoors: 19,200,000 rows so far (48,712 rows/s)
2026-08-25 09:59:28 [INFO] [reviews] Sports_and_Outdoors: 19,400,000 rows so far (48,722 rows/s)
2026-08-25 09:59:32 [INFO] [reviews] Sports_and_Outdoors: wrote 19,595,170 rows in 401.9s -> /kaggle/working/amazon2023/reviews_by_category/Sports_and_Outdoors.parquet
2026-08-25 09:59:32 [INFO] [meta] Sports_and_Outdoors: starting download from https://mcauleylab.ucsd.edu/public_datasets/data/amazon_2023/raw/meta_categories/meta_Sports_and_Outdoors.jsonl.gz
2026-08-25 09:59:54 [INFO] [meta] Sports_and_Outdoors: 200,000 rows so far (9,006 rows/s)
2026-08-25 10:00:17 [INFO] [meta] Sports_and_Outdoors: 400,000 rows so far (8,930 rows/s)
2026-08-25 10:00:39 [INFO] [meta] Sports_and_Outdoors: 600,000 rows so far (9,001 rows/s)
2026-08-25 10:01:00 [INFO] [meta] Sports_and_Outdoors: 800,000 rows so far (9,088 rows/s)
2026-08-25 10:01:21 [INFO] [meta] Sports_and_Outdoors: 1,000,000 rows so far (9,171 rows/s)
2026-08-25 10:01:42 [INFO] [meta] Sports_and_Outdoors: 1,200,000 rows so far (9,240 rows/s)
2026-08-25 10:02:02 [INFO] [meta] Sports_and_Outdoors: 1,400,000 rows so far (9,351 rows/s)
2026-08-25 10:02:20 [INFO] [meta] Sports_and_Outdoors: wrote 1,587,421 rows in 167.4s -> /kaggle/working/amazon2023/meta_by_category/Sports_and_Outdoors.parquet
2026-08-25 10:02:20 [INFO] Current output size: 18.18 GB
2026-08-25 10:02:20 [INFO] [reviews] Subscription_Boxes: starting download from https://mcauleylab.ucsd.edu/public_datasets/data/amazon_2023/raw/review_categories/Subscription_Boxes.jsonl.gz
2026-08-25 10:02:20 [INFO] [reviews] Subscription_Boxes: wrote 16,216 rows in 0.6s -> /kaggle/working/amazon2023/reviews_by_category/Subscription_Boxes.parquet
2026-08-25 10:02:20 [INFO] [meta] Subscription_Boxes: starting download from https://mcauleylab.ucsd.edu/public_datasets/data/amazon_2023/raw/meta_categories/meta_Subscription_Boxes.jsonl.gz
2026-08-25 10:02:21 [INFO] [meta] Subscription_Boxes: wrote 641 rows in 0.3s -> /kaggle/working/amazon2023/meta_by_category/Subscription_Boxes.parquet
2026-08-25 10:02:21 [INFO] Current output size: 18.18 GB
2026-08-25 10:02:21 [INFO] [reviews] Tools_and_Home_Improvement: starting download from https://mcauleylab.ucsd.edu/public_datasets/data/amazon_2023/raw/review_categories/Tools_and_Home_Improvement.jsonl.gz
2026-08-25 10:02:25 [INFO] [reviews] Tools_and_Home_Improvement: 200,000 rows so far (43,449 rows/s)
2026-08-25 10:02:29 [INFO] [reviews] Tools_and_Home_Improvement: 400,000 rows so far (45,493 rows/s)
2026-08-25 10:02:33 [INFO] [reviews] Tools_and_Home_Improvement: 600,000 rows so far (46,901 rows/s)
2026-08-25 10:02:37 [INFO] [reviews] Tools_and_Home_Improvement: 800,000 rows so far (47,472 rows/s)
2026-08-25 10:02:41 [INFO] [reviews] Tools_and_Home_Improvement: 1,000,000 rows so far (47,785 rows/s)
2026-08-25 10:02:45 [INFO] [reviews] Tools_and_Home_Improvement: 1,200,000 rows so far (48,142 rows/s)
2026-08-25 10:02:50 [INFO] [reviews] Tools_and_Home_Improvement: 1,400,000 rows so far (48,122 rows/s)
2026-08-25 10:02:54 [INFO] [reviews] Tools_and_Home_Improvement: 1,600,000 rows so far (48,196 rows/s)
2026-08-25 10:02:58 [INFO] [reviews] Tools_and_Home_Improvement: 1,800,000 rows so far (48,253 rows/s)
2026-08-25 10:03:02 [INFO] [reviews] Tools_and_Home_Improvement: 2,000,000 rows so far (48,312 rows/s)
2026-08-25 10:03:06 [INFO] [reviews] Tools_and_Home_Improvement: 2,200,000 rows so far (48,417 rows/s)
2026-08-25 10:03:10 [INFO] [reviews] Tools_and_Home_Improvement: 2,400,000 rows so far (48,367 rows/s)
2026-08-25 10:03:14 [INFO] [reviews] Tools_and_Home_Improvement: 2,600,000 rows so far (48,405 rows/s)
2026-08-25 10:03:18 [INFO] [reviews] Tools_and_Home_Improvement: 2,800,000 rows so far (48,424 rows/s)
2026-08-25 10:03:22 [INFO] [reviews] Tools_and_Home_Improvement: 3,000,000 rows so far (48,441 rows/s)
2026-08-25 10:03:27 [INFO] [reviews] Tools_and_Home_Improvement: 3,200,000 rows so far (48,450 rows/s)
2026-08-25 10:03:31 [INFO] [reviews] Tools_and_Home_Improvement: 3,400,000 rows so far (48,455 rows/s)
2026-08-25 10:03:35 [INFO] [reviews] Tools_and_Home_Improvement: 3,600,000 rows so far (48,555 rows/s)
2026-08-25 10:03:39 [INFO] [reviews] Tools_and_Home_Improvement: 3,800,000 rows so far (48,575 rows/s)
2026-08-25 10:03:43 [INFO] [reviews] Tools_and_Home_Improvement: 4,000,000 rows so far (48,584 rows/s)
2026-08-25 10:03:47 [INFO] [reviews] Tools_and_Home_Improvement: 4,200,000 rows so far (48,669 rows/s)
2026-08-25 10:03:51 [INFO] [reviews] Tools_and_Home_Improvement: 4,400,000 rows so far (48,708 rows/s)
2026-08-25 10:03:55 [INFO] [reviews] Tools_and_Home_Improvement: 4,600,000 rows so far (48,770 rows/s)
2026-08-25 10:03:59 [INFO] [reviews] Tools_and_Home_Improvement: 4,800,000 rows so far (48,746 rows/s)
2026-08-25 10:04:03 [INFO] [reviews] Tools_and_Home_Improvement: 5,000,000 rows so far (48,614 rows/s)
2026-08-25 10:04:08 [INFO] [reviews] Tools_and_Home_Improvement: 5,200,000 rows so far (48,568 rows/s)
2026-08-25 10:04:12 [INFO] [reviews] Tools_and_Home_Improvement: 5,400,000 rows so far (48,551 rows/s)
2026-08-25 10:04:17 [INFO] [reviews] Tools_and_Home_Improvement: 5,600,000 rows so far (47,902 rows/s)
2026-08-25 10:04:25 [INFO] [reviews] Tools_and_Home_Improvement: 5,800,000 rows so far (46,719 rows/s)
2026-08-25 10:04:29 [INFO] [reviews] Tools_and_Home_Improvement: 6,000,000 rows so far (46,776 rows/s)
2026-08-25 10:04:33 [INFO] [reviews] Tools_and_Home_Improvement: 6,200,000 rows so far (46,863 rows/s)
2026-08-25 10:04:37 [INFO] [reviews] Tools_and_Home_Improvement: 6,400,000 rows so far (46,950 rows/s)
2026-08-25 10:04:41 [INFO] [reviews] Tools_and_Home_Improvement: 6,600,000 rows so far (47,009 rows/s)
2026-08-25 10:04:45 [INFO] [reviews] Tools_and_Home_Improvement: 6,800,000 rows so far (47,105 rows/s)
2026-08-25 10:04:49 [INFO] [reviews] Tools_and_Home_Improvement: 7,000,000 rows so far (47,199 rows/s)
2026-08-25 10:04:53 [INFO] [reviews] Tools_and_Home_Improvement: 7,200,000 rows so far (47,304 rows/s)
2026-08-25 10:04:57 [INFO] [reviews] Tools_and_Home_Improvement: 7,400,000 rows so far (47,398 rows/s)
2026-08-25 10:05:01 [INFO] [reviews] Tools_and_Home_Improvement: 7,600,000 rows so far (47,471 rows/s)
2026-08-25 10:05:05 [INFO] [reviews] Tools_and_Home_Improvement: 7,800,000 rows so far (47,524 rows/s)
2026-08-25 10:05:09 [INFO] [reviews] Tools_and_Home_Improvement: 8,000,000 rows so far (47,561 rows/s)
2026-08-25 10:05:13 [INFO] [reviews] Tools_and_Home_Improvement: 8,200,000 rows so far (47,605 rows/s)
2026-08-25 10:05:17 [INFO] [reviews] Tools_and_Home_Improvement: 8,400,000 rows so far (47,635 rows/s)
2026-08-25 10:05:21 [INFO] [reviews] Tools_and_Home_Improvement: 8,600,000 rows so far (47,639 rows/s)
2026-08-25 10:05:25 [INFO] [reviews] Tools_and_Home_Improvement: 8,800,000 rows so far (47,654 rows/s)
2026-08-25 10:05:29 [INFO] [reviews] Tools_and_Home_Improvement: 9,000,000 rows so far (47,681 rows/s)
2026-08-25 10:05:34 [INFO] [reviews] Tools_and_Home_Improvement: 9,200,000 rows so far (47,647 rows/s)
2026-08-25 10:05:38 [INFO] [reviews] Tools_and_Home_Improvement: 9,400,000 rows so far (47,673 rows/s)
2026-08-25 10:05:42 [INFO] [reviews] Tools_and_Home_Improvement: 9,600,000 rows so far (47,728 rows/s)
2026-08-25 10:05:46 [INFO] [reviews] Tools_and_Home_Improvement: 9,800,000 rows so far (47,790 rows/s)
2026-08-25 10:05:50 [INFO] [reviews] Tools_and_Home_Improvement: 10,000,000 rows so far (47,812 rows/s)
2026-08-25 10:05:54 [INFO] [reviews] Tools_and_Home_Improvement: 10,200,000 rows so far (47,838 rows/s)
2026-08-25 10:05:58 [INFO] [reviews] Tools_and_Home_Improvement: 10,400,000 rows so far (47,854 rows/s)
2026-08-25 10:06:02 [INFO] [reviews] Tools_and_Home_Improvement: 10,600,000 rows so far (47,877 rows/s)
2026-08-25 10:06:06 [INFO] [reviews] Tools_and_Home_Improvement: 10,800,000 rows so far (47,911 rows/s)
2026-08-25 10:06:10 [INFO] [reviews] Tools_and_Home_Improvement: 11,000,000 rows so far (47,908 rows/s)
2026-08-25 10:06:14 [INFO] [reviews] Tools_and_Home_Improvement: 11,200,000 rows so far (47,937 rows/s)
2026-08-25 10:06:18 [INFO] [reviews] Tools_and_Home_Improvement: 11,400,000 rows so far (47,955 rows/s)
2026-08-25 10:06:22 [INFO] [reviews] Tools_and_Home_Improvement: 11,600,000 rows so far (47,992 rows/s)
2026-08-25 10:06:26 [INFO] [reviews] Tools_and_Home_Improvement: 11,800,000 rows so far (48,026 rows/s)
2026-08-25 10:06:30 [INFO] [reviews] Tools_and_Home_Improvement: 12,000,000 rows so far (48,050 rows/s)
2026-08-25 10:06:34 [INFO] [reviews] Tools_and_Home_Improvement: 12,200,000 rows so far (48,067 rows/s)
2026-08-25 10:06:38 [INFO] [reviews] Tools_and_Home_Improvement: 12,400,000 rows so far (48,095 rows/s)
2026-08-25 10:06:42 [INFO] [reviews] Tools_and_Home_Improvement: 12,600,000 rows so far (48,124 rows/s)
2026-08-25 10:06:46 [INFO] [reviews] Tools_and_Home_Improvement: 12,800,000 rows so far (48,174 rows/s)
2026-08-25 10:06:50 [INFO] [reviews] Tools_and_Home_Improvement: 13,000,000 rows so far (48,186 rows/s)
2026-08-25 10:06:54 [INFO] [reviews] Tools_and_Home_Improvement: 13,200,000 rows so far (48,198 rows/s)
2026-08-25 10:06:59 [INFO] [reviews] Tools_and_Home_Improvement: 13,400,000 rows so far (48,199 rows/s)
2026-08-25 10:07:03 [INFO] [reviews] Tools_and_Home_Improvement: 13,600,000 rows so far (48,180 rows/s)
2026-08-25 10:07:07 [INFO] [reviews] Tools_and_Home_Improvement: 13,800,000 rows so far (48,215 rows/s)
2026-08-25 10:07:11 [INFO] [reviews] Tools_and_Home_Improvement: 14,000,000 rows so far (48,226 rows/s)
2026-08-25 10:07:15 [INFO] [reviews] Tools_and_Home_Improvement: 14,200,000 rows so far (48,259 rows/s)
2026-08-25 10:07:19 [INFO] [reviews] Tools_and_Home_Improvement: 14,400,000 rows so far (48,259 rows/s)
2026-08-25 10:07:23 [INFO] [reviews] Tools_and_Home_Improvement: 14,600,000 rows so far (48,278 rows/s)
2026-08-25 10:07:27 [INFO] [reviews] Tools_and_Home_Improvement: 14,800,000 rows so far (48,321 rows/s)
2026-08-25 10:07:31 [INFO] [reviews] Tools_and_Home_Improvement: 15,000,000 rows so far (48,345 rows/s)
2026-08-25 10:07:35 [INFO] [reviews] Tools_and_Home_Improvement: 15,200,000 rows so far (48,363 rows/s)
2026-08-25 10:07:39 [INFO] [reviews] Tools_and_Home_Improvement: 15,400,000 rows so far (48,365 rows/s)
2026-08-25 10:07:43 [INFO] [reviews] Tools_and_Home_Improvement: 15,600,000 rows so far (48,382 rows/s)
2026-08-25 10:07:47 [INFO] [reviews] Tools_and_Home_Improvement: 15,800,000 rows so far (48,380 rows/s)
2026-08-25 10:07:51 [INFO] [reviews] Tools_and_Home_Improvement: 16,000,000 rows so far (48,374 rows/s)
2026-08-25 10:07:55 [INFO] [reviews] Tools_and_Home_Improvement: 16,200,000 rows so far (48,364 rows/s)
2026-08-25 10:08:00 [INFO] [reviews] Tools_and_Home_Improvement: 16,400,000 rows so far (48,376 rows/s)
2026-08-25 10:08:04 [INFO] [reviews] Tools_and_Home_Improvement: 16,600,000 rows so far (48,372 rows/s)
2026-08-25 10:08:08 [INFO] [reviews] Tools_and_Home_Improvement: 16,800,000 rows so far (48,365 rows/s)
2026-08-25 10:08:12 [INFO] [reviews] Tools_and_Home_Improvement: 17,000,000 rows so far (48,346 rows/s)
2026-08-25 10:08:16 [INFO] [reviews] Tools_and_Home_Improvement: 17,200,000 rows so far (48,332 rows/s)
2026-08-25 10:08:21 [INFO] [reviews] Tools_and_Home_Improvement: 17,400,000 rows so far (48,306 rows/s)
2026-08-25 10:08:25 [INFO] [reviews] Tools_and_Home_Improvement: 17,600,000 rows so far (48,292 rows/s)
2026-08-25 10:08:29 [INFO] [reviews] Tools_and_Home_Improvement: 17,800,000 rows so far (48,279 rows/s)
2026-08-25 10:08:33 [INFO] [reviews] Tools_and_Home_Improvement: 18,000,000 rows so far (48,279 rows/s)
2026-08-25 10:08:37 [INFO] [reviews] Tools_and_Home_Improvement: 18,200,000 rows so far (48,290 rows/s)
2026-08-25 10:08:42 [INFO] [reviews] Tools_and_Home_Improvement: 18,400,000 rows so far (48,290 rows/s)
2026-08-25 10:08:46 [INFO] [reviews] Tools_and_Home_Improvement: 18,600,000 rows so far (48,295 rows/s)
2026-08-25 10:08:50 [INFO] [reviews] Tools_and_Home_Improvement: 18,800,000 rows so far (48,300 rows/s)
2026-08-25 10:08:54 [INFO] [reviews] Tools_and_Home_Improvement: 19,000,000 rows so far (48,301 rows/s)
2026-08-25 10:08:58 [INFO] [reviews] Tools_and_Home_Improvement: 19,200,000 rows so far (48,295 rows/s)
2026-08-25 10:09:02 [INFO] [reviews] Tools_and_Home_Improvement: 19,400,000 rows so far (48,297 rows/s)
2026-08-25 10:09:07 [INFO] [reviews] Tools_and_Home_Improvement: 19,600,000 rows so far (48,211 rows/s)
2026-08-25 10:09:12 [INFO] [reviews] Tools_and_Home_Improvement: 19,800,000 rows so far (48,132 rows/s)
2026-08-25 10:09:16 [INFO] [reviews] Tools_and_Home_Improvement: 20,000,000 rows so far (48,129 rows/s)
2026-08-25 10:09:20 [INFO] [reviews] Tools_and_Home_Improvement: 20,200,000 rows so far (48,120 rows/s)
2026-08-25 10:09:24 [INFO] [reviews] Tools_and_Home_Improvement: 20,400,000 rows so far (48,128 rows/s)
2026-08-25 10:09:29 [INFO] [reviews] Tools_and_Home_Improvement: 20,600,000 rows so far (48,128 rows/s)
2026-08-25 10:09:33 [INFO] [reviews] Tools_and_Home_Improvement: 20,800,000 rows so far (48,135 rows/s)
2026-08-25 10:09:37 [INFO] [reviews] Tools_and_Home_Improvement: 21,000,000 rows so far (48,143 rows/s)
2026-08-25 10:09:41 [INFO] [reviews] Tools_and_Home_Improvement: 21,200,000 rows so far (48,144 rows/s)
2026-08-25 10:09:45 [INFO] [reviews] Tools_and_Home_Improvement: 21,400,000 rows so far (48,159 rows/s)
2026-08-25 10:09:49 [INFO] [reviews] Tools_and_Home_Improvement: 21,600,000 rows so far (48,170 rows/s)
2026-08-25 10:09:53 [INFO] [reviews] Tools_and_Home_Improvement: 21,800,000 rows so far (48,177 rows/s)
2026-08-25 10:09:57 [INFO] [reviews] Tools_and_Home_Improvement: 22,000,000 rows so far (48,171 rows/s)
2026-08-25 10:10:01 [INFO] [reviews] Tools_and_Home_Improvement: 22,200,000 rows so far (48,170 rows/s)
2026-08-25 10:10:05 [INFO] [reviews] Tools_and_Home_Improvement: 22,400,000 rows so far (48,176 rows/s)
2026-08-25 10:10:10 [INFO] [reviews] Tools_and_Home_Improvement: 22,600,000 rows so far (48,175 rows/s)
2026-08-25 10:10:14 [INFO] [reviews] Tools_and_Home_Improvement: 22,800,000 rows so far (48,189 rows/s)
2026-08-25 10:10:18 [INFO] [reviews] Tools_and_Home_Improvement: 23,000,000 rows so far (48,196 rows/s)
2026-08-25 10:10:22 [INFO] [reviews] Tools_and_Home_Improvement: 23,200,000 rows so far (48,195 rows/s)
2026-08-25 10:10:26 [INFO] [reviews] Tools_and_Home_Improvement: 23,400,000 rows so far (48,189 rows/s)
2026-08-25 10:10:30 [INFO] [reviews] Tools_and_Home_Improvement: 23,600,000 rows so far (48,193 rows/s)
2026-08-25 10:10:34 [INFO] [reviews] Tools_and_Home_Improvement: 23,800,000 rows so far (48,204 rows/s)
2026-08-25 10:10:38 [INFO] [reviews] Tools_and_Home_Improvement: 24,000,000 rows so far (48,203 rows/s)
2026-08-25 10:10:42 [INFO] [reviews] Tools_and_Home_Improvement: 24,200,000 rows so far (48,221 rows/s)
2026-08-25 10:10:46 [INFO] [reviews] Tools_and_Home_Improvement: 24,400,000 rows so far (48,237 rows/s)
2026-08-25 10:10:51 [INFO] [reviews] Tools_and_Home_Improvement: 24,600,000 rows so far (48,238 rows/s)
2026-08-25 10:10:55 [INFO] [reviews] Tools_and_Home_Improvement: 24,800,000 rows so far (48,238 rows/s)
2026-08-25 10:10:59 [INFO] [reviews] Tools_and_Home_Improvement: 25,000,000 rows so far (48,251 rows/s)
2026-08-25 10:11:03 [INFO] [reviews] Tools_and_Home_Improvement: 25,200,000 rows so far (48,268 rows/s)
2026-08-25 10:11:07 [INFO] [reviews] Tools_and_Home_Improvement: 25,400,000 rows so far (48,290 rows/s)
2026-08-25 10:11:11 [INFO] [reviews] Tools_and_Home_Improvement: 25,600,000 rows so far (48,296 rows/s)
2026-08-25 10:11:15 [INFO] [reviews] Tools_and_Home_Improvement: 25,800,000 rows so far (48,308 rows/s)
2026-08-25 10:11:19 [INFO] [reviews] Tools_and_Home_Improvement: 26,000,000 rows so far (48,310 rows/s)
2026-08-25 10:11:23 [INFO] [reviews] Tools_and_Home_Improvement: 26,200,000 rows so far (48,319 rows/s)
2026-08-25 10:11:27 [INFO] [reviews] Tools_and_Home_Improvement: 26,400,000 rows so far (48,318 rows/s)
2026-08-25 10:11:31 [INFO] [reviews] Tools_and_Home_Improvement: 26,600,000 rows so far (48,320 rows/s)
2026-08-25 10:11:35 [INFO] [reviews] Tools_and_Home_Improvement: 26,800,000 rows so far (48,322 rows/s)
2026-08-25 10:11:39 [INFO] [reviews] Tools_and_Home_Improvement: wrote 26,982,256 rows in 558.3s -> /kaggle/working/amazon2023/reviews_by_category/Tools_and_Home_Improvement.parquet
2026-08-25 10:11:39 [INFO] [meta] Tools_and_Home_Improvement: starting download from https://mcauleylab.ucsd.edu/public_datasets/data/amazon_2023/raw/meta_categories/meta_Tools_and_Home_Improvement.jsonl.gz
2026-08-25 10:12:07 [INFO] [meta] Tools_and_Home_Improvement: 200,000 rows so far (7,028 rows/s)
2026-08-25 10:12:35 [INFO] [meta] Tools_and_Home_Improvement: 400,000 rows so far (7,173 rows/s)
2026-08-25 10:13:01 [INFO] [meta] Tools_and_Home_Improvement: 600,000 rows so far (7,278 rows/s)
2026-08-25 10:13:27 [INFO] [meta] Tools_and_Home_Improvement: 800,000 rows so far (7,426 rows/s)
2026-08-25 10:13:57 [INFO] [meta] Tools_and_Home_Improvement: 1,000,000 rows so far (7,263 rows/s)
2026-08-25 10:14:20 [INFO] [meta] Tools_and_Home_Improvement: 1,200,000 rows so far (7,434 rows/s)
2026-08-25 10:14:42 [INFO] [meta] Tools_and_Home_Improvement: 1,400,000 rows so far (7,638 rows/s)
2026-08-25 10:14:50 [INFO] [meta] Tools_and_Home_Improvement: wrote 1,473,810 rows in 191.2s -> /kaggle/working/amazon2023/meta_by_category/Tools_and_Home_Improvement.parquet
2026-08-25 10:14:50 [INFO] Current output size: 19.09 GB
2026-08-25 10:14:50 [INFO] [reviews] Toys_and_Games: starting download from https://mcauleylab.ucsd.edu/public_datasets/data/amazon_2023/raw/review_categories/Toys_and_Games.jsonl.gz
2026-08-25 10:14:54 [INFO] [reviews] Toys_and_Games: 200,000 rows so far (46,299 rows/s)
2026-08-25 10:14:58 [INFO] [reviews] Toys_and_Games: 400,000 rows so far (48,622 rows/s)
2026-08-25 10:15:02 [INFO] [reviews] Toys_and_Games: 600,000 rows so far (48,807 rows/s)
2026-08-25 10:15:06 [INFO] [reviews] Toys_and_Games: 800,000 rows so far (49,233 rows/s)
2026-08-25 10:15:10 [INFO] [reviews] Toys_and_Games: 1,000,000 rows so far (49,513 rows/s)
2026-08-25 10:15:14 [INFO] [reviews] Toys_and_Games: 1,200,000 rows so far (49,944 rows/s)
2026-08-25 10:15:18 [INFO] [reviews] Toys_and_Games: 1,400,000 rows so far (50,210 rows/s)
2026-08-25 10:15:22 [INFO] [reviews] Toys_and_Games: 1,600,000 rows so far (50,388 rows/s)
2026-08-25 10:15:26 [INFO] [reviews] Toys_and_Games: 1,800,000 rows so far (50,294 rows/s)
2026-08-25 10:15:30 [INFO] [reviews] Toys_and_Games: 2,000,000 rows so far (50,394 rows/s)
2026-08-25 10:15:34 [INFO] [reviews] Toys_and_Games: 2,200,000 rows so far (50,423 rows/s)
2026-08-25 10:15:38 [INFO] [reviews] Toys_and_Games: 2,400,000 rows so far (50,421 rows/s)
2026-08-25 10:15:42 [INFO] [reviews] Toys_and_Games: 2,600,000 rows so far (50,362 rows/s)
2026-08-25 10:15:46 [INFO] [reviews] Toys_and_Games: 2,800,000 rows so far (50,226 rows/s)
2026-08-25 10:15:50 [INFO] [reviews] Toys_and_Games: 3,000,000 rows so far (50,103 rows/s)
2026-08-25 10:15:54 [INFO] [reviews] Toys_and_Games: 3,200,000 rows so far (50,094 rows/s)
2026-08-25 10:15:58 [INFO] [reviews] Toys_and_Games: 3,400,000 rows so far (50,079 rows/s)
2026-08-25 10:16:02 [INFO] [reviews] Toys_and_Games: 3,600,000 rows so far (50,076 rows/s)
2026-08-25 10:16:06 [INFO] [reviews] Toys_and_Games: 3,800,000 rows so far (50,130 rows/s)
2026-08-25 10:16:10 [INFO] [reviews] Toys_and_Games: 4,000,000 rows so far (50,188 rows/s)
2026-08-25 10:16:14 [INFO] [reviews] Toys_and_Games: 4,200,000 rows so far (50,212 rows/s)
2026-08-25 10:16:18 [INFO] [reviews] Toys_and_Games: 4,400,000 rows so far (50,176 rows/s)
2026-08-25 10:16:22 [INFO] [reviews] Toys_and_Games: 4,600,000 rows so far (50,044 rows/s)
2026-08-25 10:16:26 [INFO] [reviews] Toys_and_Games: 4,800,000 rows so far (50,114 rows/s)
2026-08-25 10:16:30 [INFO] [reviews] Toys_and_Games: 5,000,000 rows so far (50,122 rows/s)
2026-08-25 10:16:34 [INFO] [reviews] Toys_and_Games: 5,200,000 rows so far (50,087 rows/s)
2026-08-25 10:16:38 [INFO] [reviews] Toys_and_Games: 5,400,000 rows so far (50,054 rows/s)
2026-08-25 10:16:42 [INFO] [reviews] Toys_and_Games: 5,600,000 rows so far (49,982 rows/s)
2026-08-25 10:16:46 [INFO] [reviews] Toys_and_Games: 5,800,000 rows so far (50,024 rows/s)
2026-08-25 10:16:50 [INFO] [reviews] Toys_and_Games: 6,000,000 rows so far (50,027 rows/s)
2026-08-25 10:16:54 [INFO] [reviews] Toys_and_Games: 6,200,000 rows so far (50,031 rows/s)
2026-08-25 10:16:58 [INFO] [reviews] Toys_and_Games: 6,400,000 rows so far (50,007 rows/s)
2026-08-25 10:17:02 [INFO] [reviews] Toys_and_Games: 6,600,000 rows so far (50,005 rows/s)
2026-08-25 10:17:06 [INFO] [reviews] Toys_and_Games: 6,800,000 rows so far (49,995 rows/s)
2026-08-25 10:17:10 [INFO] [reviews] Toys_and_Games: 7,000,000 rows so far (49,958 rows/s)
2026-08-25 10:17:14 [INFO] [reviews] Toys_and_Games: 7,200,000 rows so far (49,980 rows/s)
2026-08-25 10:17:18 [INFO] [reviews] Toys_and_Games: 7,400,000 rows so far (49,994 rows/s)
2026-08-25 10:17:22 [INFO] [reviews] Toys_and_Games: 7,600,000 rows so far (49,996 rows/s)
2026-08-25 10:17:26 [INFO] [reviews] Toys_and_Games: 7,800,000 rows so far (49,920 rows/s)
2026-08-25 10:17:30 [INFO] [reviews] Toys_and_Games: 8,000,000 rows so far (49,911 rows/s)
2026-08-25 10:17:34 [INFO] [reviews] Toys_and_Games: 8,200,000 rows so far (49,889 rows/s)
2026-08-25 10:17:39 [INFO] [reviews] Toys_and_Games: 8,400,000 rows so far (49,870 rows/s)
2026-08-25 10:17:43 [INFO] [reviews] Toys_and_Games: 8,600,000 rows so far (49,880 rows/s)
2026-08-25 10:17:46 [INFO] [reviews] Toys_and_Games: 8,800,000 rows so far (49,890 rows/s)
2026-08-25 10:17:50 [INFO] [reviews] Toys_and_Games: 9,000,000 rows so far (49,901 rows/s)
2026-08-25 10:17:54 [INFO] [reviews] Toys_and_Games: 9,200,000 rows so far (49,909 rows/s)
2026-08-25 10:17:58 [INFO] [reviews] Toys_and_Games: 9,400,000 rows so far (49,895 rows/s)
2026-08-25 10:18:02 [INFO] [reviews] Toys_and_Games: 9,600,000 rows so far (49,906 rows/s)
2026-08-25 10:18:06 [INFO] [reviews] Toys_and_Games: 9,800,000 rows so far (49,925 rows/s)
2026-08-25 10:18:10 [INFO] [reviews] Toys_and_Games: 10,000,000 rows so far (49,946 rows/s)
2026-08-25 10:18:14 [INFO] [reviews] Toys_and_Games: 10,200,000 rows so far (49,966 rows/s)
2026-08-25 10:18:18 [INFO] [reviews] Toys_and_Games: 10,400,000 rows so far (49,962 rows/s)
2026-08-25 10:18:22 [INFO] [reviews] Toys_and_Games: 10,600,000 rows so far (49,947 rows/s)
2026-08-25 10:18:27 [INFO] [reviews] Toys_and_Games: 10,800,000 rows so far (49,895 rows/s)
2026-08-25 10:18:31 [INFO] [reviews] Toys_and_Games: 11,000,000 rows so far (49,841 rows/s)
2026-08-25 10:18:35 [INFO] [reviews] Toys_and_Games: 11,200,000 rows so far (49,831 rows/s)
2026-08-25 10:18:39 [INFO] [reviews] Toys_and_Games: 11,400,000 rows so far (49,800 rows/s)
2026-08-25 10:18:46 [INFO] [reviews] Toys_and_Games: 11,600,000 rows so far (49,272 rows/s)
2026-08-25 10:18:50 [INFO] [reviews] Toys_and_Games: 11,800,000 rows so far (49,217 rows/s)
2026-08-25 10:18:54 [INFO] [reviews] Toys_and_Games: 12,000,000 rows so far (49,202 rows/s)
2026-08-25 10:18:58 [INFO] [reviews] Toys_and_Games: 12,200,000 rows so far (49,179 rows/s)
2026-08-25 10:19:02 [INFO] [reviews] Toys_and_Games: 12,400,000 rows so far (49,192 rows/s)
2026-08-25 10:19:06 [INFO] [reviews] Toys_and_Games: 12,600,000 rows so far (49,198 rows/s)
2026-08-25 10:19:10 [INFO] [reviews] Toys_and_Games: 12,800,000 rows so far (49,201 rows/s)
2026-08-25 10:19:14 [INFO] [reviews] Toys_and_Games: 13,000,000 rows so far (49,205 rows/s)
2026-08-25 10:19:18 [INFO] [reviews] Toys_and_Games: 13,200,000 rows so far (49,197 rows/s)
2026-08-25 10:19:22 [INFO] [reviews] Toys_and_Games: 13,400,000 rows so far (49,206 rows/s)
2026-08-25 10:19:26 [INFO] [reviews] Toys_and_Games: 13,600,000 rows so far (49,209 rows/s)
2026-08-25 10:19:31 [INFO] [reviews] Toys_and_Games: 13,800,000 rows so far (49,197 rows/s)
2026-08-25 10:19:35 [INFO] [reviews] Toys_and_Games: 14,000,000 rows so far (49,200 rows/s)
2026-08-25 10:19:39 [INFO] [reviews] Toys_and_Games: 14,200,000 rows so far (49,216 rows/s)
2026-08-25 10:19:43 [INFO] [reviews] Toys_and_Games: 14,400,000 rows so far (49,231 rows/s)
2026-08-25 10:19:47 [INFO] [reviews] Toys_and_Games: 14,600,000 rows so far (49,235 rows/s)
2026-08-25 10:19:51 [INFO] [reviews] Toys_and_Games: 14,800,000 rows so far (49,236 rows/s)
2026-08-25 10:19:55 [INFO] [reviews] Toys_and_Games: 15,000,000 rows so far (49,254 rows/s)
2026-08-25 10:19:59 [INFO] [reviews] Toys_and_Games: 15,200,000 rows so far (49,248 rows/s)
2026-08-25 10:20:03 [INFO] [reviews] Toys_and_Games: 15,400,000 rows so far (49,226 rows/s)
2026-08-25 10:20:07 [INFO] [reviews] Toys_and_Games: 15,600,000 rows so far (49,230 rows/s)
2026-08-25 10:20:11 [INFO] [reviews] Toys_and_Games: 15,800,000 rows so far (49,233 rows/s)
2026-08-25 10:20:15 [INFO] [reviews] Toys_and_Games: 16,000,000 rows so far (49,249 rows/s)
2026-08-25 10:20:19 [INFO] [reviews] Toys_and_Games: 16,200,000 rows so far (49,265 rows/s)
2026-08-25 10:20:20 [INFO] [reviews] Toys_and_Games: wrote 16,260,406 rows in 330.0s -> /kaggle/working/amazon2023/reviews_by_category/Toys_and_Games.parquet
2026-08-25 10:20:20 [INFO] [meta] Toys_and_Games: starting download from https://mcauleylab.ucsd.edu/public_datasets/data/amazon_2023/raw/meta_categories/meta_Toys_and_Games.jsonl.gz
2026-08-25 10:20:45 [INFO] [meta] Toys_and_Games: 200,000 rows so far (8,023 rows/s)
2026-08-25 10:21:09 [INFO] [meta] Toys_and_Games: 400,000 rows so far (8,251 rows/s)
2026-08-25 10:21:32 [INFO] [meta] Toys_and_Games: 600,000 rows so far (8,388 rows/s)
2026-08-25 10:21:52 [INFO] [meta] Toys_and_Games: 800,000 rows so far (8,682 rows/s)
2026-08-25 10:22:01 [INFO] [meta] Toys_and_Games: wrote 890,874 rows in 100.8s -> /kaggle/working/amazon2023/meta_by_category/Toys_and_Games.parquet
2026-08-25 10:22:01 [INFO] Current output size: 19.64 GB
2026-08-25 10:22:01 [INFO] [reviews] Video_Games: starting download from https://mcauleylab.ucsd.edu/public_datasets/data/amazon_2023/raw/review_categories/Video_Games.jsonl.gz
2026-08-25 10:22:06 [INFO] [reviews] Video_Games: 200,000 rows so far (42,828 rows/s)
2026-08-25 10:22:10 [INFO] [reviews] Video_Games: 400,000 rows so far (43,424 rows/s)
2026-08-25 10:22:14 [INFO] [reviews] Video_Games: 600,000 rows so far (44,236 rows/s)
2026-08-25 10:22:19 [INFO] [reviews] Video_Games: 800,000 rows so far (44,032 rows/s)
2026-08-25 10:22:23 [INFO] [reviews] Video_Games: 1,000,000 rows so far (44,396 rows/s)
2026-08-25 10:22:28 [INFO] [reviews] Video_Games: 1,200,000 rows so far (44,558 rows/s)
2026-08-25 10:22:32 [INFO] [reviews] Video_Games: 1,400,000 rows so far (44,700 rows/s)
2026-08-25 10:22:37 [INFO] [reviews] Video_Games: 1,600,000 rows so far (44,884 rows/s)
2026-08-25 10:22:41 [INFO] [reviews] Video_Games: 1,800,000 rows so far (44,923 rows/s)
2026-08-25 10:22:46 [INFO] [reviews] Video_Games: 2,000,000 rows so far (44,872 rows/s)
2026-08-25 10:22:50 [INFO] [reviews] Video_Games: 2,200,000 rows so far (45,068 rows/s)
2026-08-25 10:22:54 [INFO] [reviews] Video_Games: 2,400,000 rows so far (45,248 rows/s)
2026-08-25 10:22:58 [INFO] [reviews] Video_Games: 2,600,000 rows so far (45,391 rows/s)
2026-08-25 10:23:02 [INFO] [reviews] Video_Games: 2,800,000 rows so far (45,523 rows/s)
2026-08-25 10:23:07 [INFO] [reviews] Video_Games: 3,000,000 rows so far (45,613 rows/s)
2026-08-25 10:23:11 [INFO] [reviews] Video_Games: 3,200,000 rows so far (45,732 rows/s)
2026-08-25 10:23:15 [INFO] [reviews] Video_Games: 3,400,000 rows so far (45,871 rows/s)
2026-08-25 10:23:19 [INFO] [reviews] Video_Games: 3,600,000 rows so far (45,941 rows/s)
2026-08-25 10:23:24 [INFO] [reviews] Video_Games: 3,800,000 rows so far (45,944 rows/s)
2026-08-25 10:23:28 [INFO] [reviews] Video_Games: 4,000,000 rows so far (45,983 rows/s)
2026-08-25 10:23:32 [INFO] [reviews] Video_Games: 4,200,000 rows so far (45,929 rows/s)
2026-08-25 10:23:37 [INFO] [reviews] Video_Games: 4,400,000 rows so far (45,855 rows/s)
2026-08-25 10:23:41 [INFO] [reviews] Video_Games: 4,600,000 rows so far (45,790 rows/s)
2026-08-25 10:23:42 [INFO] [reviews] Video_Games: wrote 4,624,615 rows in 101.0s -> /kaggle/working/amazon2023/reviews_by_category/Video_Games.parquet
2026-08-25 10:23:42 [INFO] [meta] Video_Games: starting download from https://mcauleylab.ucsd.edu/public_datasets/data/amazon_2023/raw/meta_categories/meta_Video_Games.jsonl.gz
2026-08-25 10:23:58 [INFO] [meta] Video_Games: wrote 137,269 rows in 16.5s -> /kaggle/working/amazon2023/meta_by_category/Video_Games.parquet
2026-08-25 10:23:58 [INFO] Current output size: 19.78 GB
2026-08-25 10:23:59 [INFO] Merged 1/33 files -> reviews_all.parquet (701,528 rows so far)
2026-08-25 10:24:02 [INFO] Merged 2/33 files -> reviews_all.parquet (3,202,467 rows so far)
2026-08-25 10:24:04 [INFO] Merged 3/33 files -> reviews_all.parquet (5,331,072 rows so far)
2026-08-25 10:24:12 [INFO] Merged 4/33 files -> reviews_all.parquet (14,297,830 rows so far)
2026-08-25 10:24:29 [INFO] Merged 5/33 files -> reviews_all.parquet (34,253,280 rows so far)
2026-08-25 10:24:35 [INFO] Merged 6/33 files -> reviews_all.parquet (40,282,164 rows so far)
